id,doc_number,customer_id,contract_id,project_id,period,date,due_date,status,stream,kind,amount
INV-S-0000,INV-2024-0001,sub-init-14,C-sub-init-14,,2024-01,2024-01-10,2024-02-09,paid,subscription,increment,7875.00
INV-S-0001,INV-2024-0002,sub-init-15,C-sub-init-15,,2024-01,2024-01-11,2024-02-10,paid,subscription,increment,5733.33
INV-S-0002,INV-2024-0003,sub-init-11,C-sub-init-11,,2024-01,2024-01-07,2024-02-06,paid,subscription,new_term,168800.00
INV-S-0003,INV-2024-0004,sub-init-23,C-sub-init-23,,2024-01,2024-01-12,2024-02-11,paid,subscription,new_term,248950.00
INV-S-0004,INV-2024-0005,sub-0-0,C-sub-0-0,,2024-01,2024-01-21,2024-02-20,paid,subscription,new_term,197400.00
INV-S-0005,INV-2024-0006,sub-0-1,C-sub-0-1,,2024-01,2024-01-22,2024-02-21,paid,subscription,new_term,61350.00
INV-S-0006,INV-2024-0007,sub-init-10,C-sub-init-10,,2024-02,2024-02-06,2024-03-07,paid,subscription,new_term,61450.00
INV-S-0007,INV-2024-0008,sub-init-22,C-sub-init-22,,2024-02,2024-02-11,2024-03-12,paid,subscription,new_term,57950.00
INV-S-0008,INV-2024-0009,sub-1-0,C-sub-1-0,,2024-02,2024-02-02,2024-03-03,paid,subscription,new_term,45700.00
INV-S-0009,INV-2024-0010,sub-1-1,C-sub-1-1,,2024-02,2024-02-03,2024-03-04,paid,subscription,new_term,50850.00
INV-S-0010,INV-2024-0011,sub-init-9,C-sub-init-9,,2024-03,2024-03-04,2024-04-03,paid,subscription,new_term,38950.00
INV-S-0011,INV-2024-0012,sub-init-21,C-sub-init-21,,2024-03,2024-03-10,2024-04-09,paid,subscription,new_term,37750.00
INV-S-0012,INV-2024-0013,sub-2-0,C-sub-2-0,,2024-03,2024-03-11,2024-04-10,paid,subscription,new_term,36950.00
INV-S-0013,INV-2024-0014,sub-2-1,C-sub-2-1,,2024-03,2024-03-12,2024-04-11,paid,subscription,new_term,226950.00
INV-S-0014,INV-2024-0015,sub-init-5,C-sub-init-5,,2024-04,2024-04-28,2024-05-28,paid,subscription,increment,4225.00
INV-S-0015,INV-2024-0016,sub-init-8,C-sub-init-8,,2024-04,2024-04-03,2024-05-03,paid,subscription,new_term,49100.00
INV-S-0016,INV-2024-0017,sub-init-20,C-sub-init-20,,2024-04,2024-04-09,2024-05-09,paid,subscription,new_term,194600.00
INV-S-0017,INV-2024-0018,sub-3-0,C-sub-3-0,,2024-04,2024-04-20,2024-05-20,paid,subscription,new_term,240250.00
INV-S-0018,INV-2024-0019,sub-3-1,C-sub-3-1,,2024-04,2024-04-21,2024-05-21,paid,subscription,new_term,43050.00
INV-S-0019,INV-2024-0020,sub-3-2,C-sub-3-2,,2024-04,2024-04-22,2024-05-22,paid,subscription,new_term,43650.00
INV-S-0020,INV-2024-0021,sub-init-1,C-sub-init-1,,2024-05,2024-05-24,2024-06-23,paid,subscription,increment,28075.00
INV-S-0021,INV-2024-0022,sub-3-2,C-sub-3-2,,2024-05,2024-05-22,2024-06-21,paid,subscription,refund,-4262.50
INV-S-0022,INV-2024-0023,sub-init-7,C-sub-init-7,,2024-05,2024-05-02,2024-06-01,paid,subscription,new_term,47300.00
INV-S-0023,INV-2024-0024,sub-init-19,C-sub-init-19,,2024-05,2024-05-15,2024-06-14,paid,subscription,new_term,36750.00
INV-S-0024,INV-2024-0025,sub-4-0,C-sub-4-0,,2024-05,2024-05-01,2024-05-31,paid,subscription,new_term,68100.00
INV-S-0025,INV-2024-0026,sub-4-1,C-sub-4-1,,2024-05,2024-05-02,2024-06-01,paid,subscription,new_term,130300.00
INV-S-0026,INV-2024-0027,sub-4-2,C-sub-4-2,,2024-05,2024-05-03,2024-06-02,paid,subscription,new_term,54050.00
INV-S-0027,INV-2024-0028,sub-1-0,C-sub-1-0,,2024-06,2024-06-02,2024-07-02,paid,subscription,increment,8700.00
INV-S-0028,INV-2024-0029,sub-init-6,C-sub-init-6,,2024-06,2024-06-01,2024-07-01,paid,subscription,new_term,58750.00
INV-S-0029,INV-2024-0030,sub-init-18,C-sub-init-18,,2024-06,2024-06-14,2024-07-14,paid,subscription,new_term,43900.00
INV-S-0030,INV-2024-0031,sub-5-0,C-sub-5-0,,2024-06,2024-06-10,2024-07-10,paid,subscription,new_term,70950.00
INV-S-0031,INV-2024-0032,sub-5-1,C-sub-5-1,,2024-06,2024-06-11,2024-07-11,paid,subscription,new_term,56700.00
INV-S-0032,INV-2024-0033,sub-5-2,C-sub-5-2,,2024-06,2024-06-12,2024-07-12,paid,subscription,new_term,44550.00
INV-S-0033,INV-2024-0034,sub-init-1,C-sub-init-1,,2024-07,2024-07-24,2024-08-23,paid,subscription,increment,13900.00
INV-S-0034,INV-2024-0035,sub-init-15,C-sub-init-15,,2024-07,2024-07-11,2024-08-10,paid,subscription,increment,1033.33
INV-S-0035,INV-2024-0036,sub-2-0,C-sub-2-0,,2024-07,2024-07-11,2024-08-10,paid,subscription,increment,7300.00
INV-S-0036,INV-2024-0037,sub-init-5,C-sub-init-5,,2024-07,2024-07-28,2024-08-27,paid,subscription,new_term,74150.00
INV-S-0037,INV-2024-0038,sub-init-17,C-sub-init-17,,2024-07,2024-07-13,2024-08-12,paid,subscription,new_term,70050.00
INV-S-0038,INV-2024-0039,sub-6-0,C-sub-6-0,,2024-07,2024-07-19,2024-08-18,paid,subscription,new_term,34850.00
INV-S-0039,INV-2024-0040,sub-6-1,C-sub-6-1,,2024-07,2024-07-20,2024-08-19,paid,subscription,new_term,151050.00
INV-S-0040,INV-2024-0041,sub-6-2,C-sub-6-2,,2024-07,2024-07-21,2024-08-20,paid,subscription,new_term,44000.00
INV-S-0041,INV-2024-0042,sub-5-0,C-sub-5-0,,2024-08,2024-08-10,2024-09-09,paid,subscription,refund,-59125.00
INV-S-0042,INV-2024-0043,sub-init-3,C-sub-init-3,,2024-08,2024-08-26,2024-09-25,paid,subscription,increment,1758.33
INV-S-0043,INV-2024-0044,sub-4-1,C-sub-4-1,,2024-08,2024-08-02,2024-09-01,paid,subscription,increment,27000.00
INV-S-0044,INV-2024-0045,sub-4-2,C-sub-4-2,,2024-08,2024-08-03,2024-09-02,paid,subscription,increment,10500.00
INV-S-0045,INV-2024-0046,sub-init-4,C-sub-init-4,,2024-08,2024-08-27,2024-09-26,paid,subscription,new_term,54650.00
INV-S-0046,INV-2024-0047,sub-init-16,C-sub-init-16,,2024-08,2024-08-12,2024-09-11,paid,subscription,new_term,69300.00
INV-S-0047,INV-2024-0048,sub-7-0,C-sub-7-0,,2024-08,2024-08-28,2024-09-27,paid,subscription,new_term,59250.00
INV-S-0048,INV-2024-0049,sub-7-1,C-sub-7-1,,2024-08,2024-08-01,2024-08-31,paid,subscription,new_term,44750.00
INV-S-0049,INV-2024-0050,sub-7-2,C-sub-7-2,,2024-08,2024-08-02,2024-09-01,paid,subscription,new_term,48500.00
INV-S-0050,INV-2024-0051,sub-init-10,C-sub-init-10,,2024-09,2024-09-06,2024-10-06,paid,subscription,refund,-25604.17
INV-S-0051,INV-2024-0052,sub-init-16,C-sub-init-16,,2024-09,2024-09-12,2024-10-12,paid,subscription,increment,15812.50
INV-S-0052,INV-2024-0053,sub-init-3,C-sub-init-3,,2024-09,2024-09-26,2024-10-26,paid,subscription,new_term,170150.00
INV-S-0053,INV-2024-0054,sub-init-15,C-sub-init-15,,2024-09,2024-09-11,2024-10-11,paid,subscription,new_term,50750.00
INV-S-0054,INV-2024-0055,sub-8-0,C-sub-8-0,,2024-09,2024-09-09,2024-10-09,paid,subscription,new_term,35850.00
INV-S-0055,INV-2024-0056,sub-8-1,C-sub-8-1,,2024-09,2024-09-10,2024-10-10,paid,subscription,new_term,820850.00
INV-S-0056,INV-2024-0057,sub-8-2,C-sub-8-2,,2024-09,2024-09-11,2024-10-11,paid,subscription,new_term,53900.00
INV-S-0057,INV-2024-0058,sub-init-6,C-sub-init-6,,2024-10,2024-10-01,2024-10-31,paid,subscription,increment,10533.33
INV-S-0058,INV-2024-0059,sub-5-2,C-sub-5-2,,2024-10,2024-10-12,2024-11-11,paid,subscription,refund,-2800.00
INV-S-0059,INV-2024-0060,sub-init-2,C-sub-init-2,,2024-10,2024-10-25,2024-11-24,paid,subscription,new_term,52050.00
INV-S-0060,INV-2024-0061,sub-init-14,C-sub-init-14,,2024-10,2024-10-10,2024-11-09,paid,subscription,new_term,74200.00
INV-S-0061,INV-2024-0062,sub-9-0,C-sub-9-0,,2024-10,2024-10-18,2024-11-17,paid,subscription,new_term,170200.00
INV-S-0062,INV-2024-0063,sub-9-1,C-sub-9-1,,2024-10,2024-10-19,2024-11-18,paid,subscription,new_term,196300.00
INV-S-0063,INV-2024-0064,sub-9-2,C-sub-9-2,,2024-10,2024-10-20,2024-11-19,paid,subscription,new_term,63200.00
INV-S-0064,INV-2024-0065,sub-init-23,C-sub-init-23,,2024-11,2024-11-12,2024-12-12,paid,subscription,refund,-41491.67
INV-S-0065,INV-2024-0066,sub-7-1,C-sub-7-1,,2024-11,2024-11-01,2024-12-01,paid,subscription,increment,7575.00
INV-S-0066,INV-2024-0067,sub-9-2,C-sub-9-2,,2024-11,2024-11-20,2024-12-20,paid,subscription,increment,6600.00
INV-S-0067,INV-2024-0068,sub-init-1,C-sub-init-1,,2024-11,2024-11-24,2024-12-24,paid,subscription,new_term,299400.00
INV-S-0068,INV-2024-0069,sub-init-13,C-sub-init-13,,2024-11,2024-11-09,2024-12-09,paid,subscription,new_term,986650.00
INV-S-0069,INV-2024-0070,sub-init-25,C-sub-init-25,,2024-11,2024-11-14,2024-12-14,paid,subscription,new_term,728700.00
INV-S-0070,INV-2024-0071,sub-10-0,C-sub-10-0,,2024-11,2024-11-14,2024-12-14,paid,subscription,new_term,67700.00
INV-S-0071,INV-2024-0072,sub-10-1,C-sub-10-1,,2024-11,2024-11-15,2024-12-15,paid,subscription,new_term,1131250.00
INV-S-0072,INV-2024-0073,sub-10-2,C-sub-10-2,,2024-11,2024-11-16,2024-12-16,paid,subscription,new_term,157600.00
INV-S-0073,INV-2024-0074,sub-init-0,C-sub-init-0,,2024-12,2024-12-23,2025-01-22,paid,subscription,new_term,255750.00
INV-S-0074,INV-2024-0075,sub-init-12,C-sub-init-12,,2024-12,2024-12-08,2025-01-07,paid,subscription,new_term,37050.00
INV-S-0075,INV-2024-0076,sub-init-24,C-sub-init-24,,2024-12,2024-12-13,2025-01-12,paid,subscription,new_term,245650.00
INV-S-0076,INV-2024-0077,sub-11-0,C-sub-11-0,,2024-12,2024-12-23,2025-01-22,paid,subscription,new_term,125250.00
INV-S-0077,INV-2024-0078,sub-11-1,C-sub-11-1,,2024-12,2024-12-24,2025-01-23,paid,subscription,new_term,224650.00
INV-S-0078,INV-2024-0079,sub-11-2,C-sub-11-2,,2024-12,2024-12-25,2025-01-24,paid,subscription,new_term,56100.00
INV-S-0079,INV-2025-0001,sub-init-11,C-sub-init-11,,2025-01,2025-01-07,2025-02-06,paid,subscription,new_term,168800.00
INV-S-0080,INV-2025-0002,sub-0-0,C-sub-0-0,,2025-01,2025-01-21,2025-02-20,paid,subscription,new_term,197400.00
INV-S-0081,INV-2025-0003,sub-0-1,C-sub-0-1,,2025-01,2025-01-22,2025-02-21,paid,subscription,new_term,61350.00
INV-S-0082,INV-2025-0004,sub-12-0,C-sub-12-0,,2025-01,2025-01-04,2025-02-03,paid,subscription,new_term,198850.00
INV-S-0083,INV-2025-0005,sub-12-1,C-sub-12-1,,2025-01,2025-01-05,2025-02-04,paid,subscription,new_term,63400.00
INV-S-0084,INV-2025-0006,sub-12-2,C-sub-12-2,,2025-01,2025-01-06,2025-02-05,paid,subscription,new_term,34750.00
INV-S-0085,INV-2025-0007,sub-init-22,C-sub-init-22,,2025-02,2025-02-11,2025-03-13,paid,subscription,new_term,57950.00
INV-S-0086,INV-2025-0008,sub-1-0,C-sub-1-0,,2025-02,2025-02-02,2025-03-04,paid,subscription,new_term,58750.00
INV-S-0087,INV-2025-0009,sub-1-1,C-sub-1-1,,2025-02,2025-02-03,2025-03-05,paid,subscription,new_term,50850.00
INV-S-0088,INV-2025-0010,sub-13-0,C-sub-13-0,,2025-02,2025-02-13,2025-03-15,paid,subscription,new_term,38200.00
INV-S-0089,INV-2025-0011,sub-13-1,C-sub-13-1,,2025-02,2025-02-14,2025-03-16,paid,subscription,new_term,68550.00
INV-S-0090,INV-2025-0012,sub-13-2,C-sub-13-2,,2025-02,2025-02-15,2025-03-17,paid,subscription,new_term,57600.00
INV-S-0091,INV-2025-0013,sub-11-2,C-sub-11-2,,2025-03,2025-03-25,2025-04-24,paid,subscription,refund,-3787.50
INV-S-0092,INV-2025-0014,sub-init-9,C-sub-init-9,,2025-03,2025-03-04,2025-04-03,paid,subscription,new_term,38950.00
INV-S-0093,INV-2025-0015,sub-init-21,C-sub-init-21,,2025-03,2025-03-10,2025-04-09,paid,subscription,new_term,37750.00
INV-S-0094,INV-2025-0016,sub-2-0,C-sub-2-0,,2025-03,2025-03-11,2025-04-10,paid,subscription,new_term,47900.00
INV-S-0095,INV-2025-0017,sub-2-1,C-sub-2-1,,2025-03,2025-03-12,2025-04-11,paid,subscription,new_term,226950.00
INV-S-0096,INV-2025-0018,sub-14-0,C-sub-14-0,,2025-03,2025-03-22,2025-04-21,paid,subscription,new_term,165650.00
INV-S-0097,INV-2025-0019,sub-14-1,C-sub-14-1,,2025-03,2025-03-23,2025-04-22,paid,subscription,new_term,50550.00
INV-S-0098,INV-2025-0020,sub-14-2,C-sub-14-2,,2025-03,2025-03-24,2025-04-23,paid,subscription,new_term,60400.00
INV-S-0099,INV-2025-0021,sub-init-8,C-sub-init-8,,2025-04,2025-04-03,2025-05-03,paid,subscription,new_term,49100.00
INV-S-0100,INV-2025-0022,sub-init-20,C-sub-init-20,,2025-04,2025-04-09,2025-05-09,paid,subscription,new_term,194600.00
INV-S-0101,INV-2025-0023,sub-3-0,C-sub-3-0,,2025-04,2025-04-20,2025-05-20,paid,subscription,new_term,240250.00
INV-S-0102,INV-2025-0024,sub-3-1,C-sub-3-1,,2025-04,2025-04-21,2025-05-21,paid,subscription,new_term,43050.00
INV-S-0103,INV-2025-0025,sub-3-2,C-sub-3-2,,2025-04,2025-04-22,2025-05-22,paid,subscription,new_term,39000.00
INV-S-0104,INV-2025-0026,sub-15-0,C-sub-15-0,,2025-04,2025-04-03,2025-05-03,paid,subscription,new_term,61600.00
INV-S-0105,INV-2025-0027,sub-15-1,C-sub-15-1,,2025-04,2025-04-04,2025-05-04,paid,subscription,new_term,66050.00
INV-S-0106,INV-2025-0028,sub-15-2,C-sub-15-2,,2025-04,2025-04-05,2025-05-05,paid,subscription,new_term,36450.00
INV-S-0107,INV-2025-0029,sub-15-3,C-sub-15-3,,2025-04,2025-04-06,2025-05-06,paid,subscription,new_term,165700.00
INV-S-0108,INV-2025-0030,sub-1-0,C-sub-1-0,,2025-05,2025-05-02,2025-06-01,paid,subscription,increment,6000.00
INV-S-0109,INV-2025-0031,sub-3-0,C-sub-3-0,,2025-05,2025-05-20,2025-06-19,paid,subscription,increment,30937.50
INV-S-0110,INV-2025-0032,sub-3-2,C-sub-3-2,,2025-05,2025-05-22,2025-06-21,paid,subscription,increment,9395.83
INV-S-0111,INV-2025-0033,sub-10-2,C-sub-10-2,,2025-05,2025-05-16,2025-06-15,paid,subscription,increment,8175.00
INV-S-0112,INV-2025-0034,sub-12-1,C-sub-12-1,,2025-05,2025-05-05,2025-06-04,paid,subscription,increment,8866.67
INV-S-0113,INV-2025-0035,sub-15-0,C-sub-15-0,,2025-05,2025-05-03,2025-06-02,paid,subscription,refund,-6508.33
INV-S-0114,INV-2025-0036,sub-init-7,C-sub-init-7,,2025-05,2025-05-02,2025-06-01,paid,subscription,new_term,47300.00
INV-S-0115,INV-2025-0037,sub-init-19,C-sub-init-19,,2025-05,2025-05-15,2025-06-14,paid,subscription,new_term,36750.00
INV-S-0116,INV-2025-0038,sub-4-0,C-sub-4-0,,2025-05,2025-05-01,2025-05-31,paid,subscription,new_term,68100.00
INV-S-0117,INV-2025-0039,sub-4-1,C-sub-4-1,,2025-05,2025-05-02,2025-06-01,paid,subscription,new_term,166300.00
INV-S-0118,INV-2025-0040,sub-4-2,C-sub-4-2,,2025-05,2025-05-03,2025-06-02,paid,subscription,new_term,68050.00
INV-S-0119,INV-2025-0041,sub-16-0,C-sub-16-0,,2025-05,2025-05-12,2025-06-11,paid,subscription,new_term,252350.00
INV-S-0120,INV-2025-0042,sub-16-1,C-sub-16-1,,2025-05,2025-05-13,2025-06-12,paid,subscription,new_term,62800.00
INV-S-0121,INV-2025-0043,sub-16-2,C-sub-16-2,,2025-05,2025-05-14,2025-06-13,paid,subscription,new_term,43250.00
INV-S-0122,INV-2025-0044,sub-16-3,C-sub-16-3,,2025-05,2025-05-15,2025-06-14,paid,subscription,new_term,65450.00
INV-S-0123,INV-2025-0045,sub-init-0,C-sub-init-0,,2025-06,2025-06-23,2025-07-23,paid,subscription,increment,23575.00
INV-S-0124,INV-2025-0046,sub-init-14,C-sub-init-14,,2025-06,2025-06-10,2025-07-10,paid,subscription,increment,7333.33
INV-S-0125,INV-2025-0047,sub-1-0,C-sub-1-0,,2025-06,2025-06-02,2025-07-02,paid,subscription,increment,10200.00
INV-S-0126,INV-2025-0048,sub-7-1,C-sub-7-1,,2025-06,2025-06-01,2025-07-01,paid,subscription,increment,1516.67
INV-S-0127,INV-2025-0049,sub-16-3,C-sub-16-3,,2025-06,2025-06-15,2025-07-15,paid,subscription,increment,17050.00
INV-S-0128,INV-2025-0050,sub-init-6,C-sub-init-6,,2025-06,2025-06-01,2025-07-01,paid,subscription,new_term,74550.00
INV-S-0129,INV-2025-0051,sub-init-18,C-sub-init-18,,2025-06,2025-06-14,2025-07-14,paid,subscription,new_term,43900.00
INV-S-0130,INV-2025-0052,sub-5-1,C-sub-5-1,,2025-06,2025-06-11,2025-07-11,paid,subscription,new_term,56700.00
INV-S-0131,INV-2025-0053,sub-5-2,C-sub-5-2,,2025-06,2025-06-12,2025-07-12,paid,subscription,new_term,40350.00
INV-S-0132,INV-2025-0054,sub-17-0,C-sub-17-0,,2025-06,2025-06-21,2025-07-21,paid,subscription,new_term,45350.00
INV-S-0133,INV-2025-0055,sub-17-1,C-sub-17-1,,2025-06,2025-06-22,2025-07-22,paid,subscription,new_term,53300.00
INV-S-0134,INV-2025-0056,sub-17-2,C-sub-17-2,,2025-06,2025-06-23,2025-07-23,paid,subscription,new_term,260100.00
INV-S-0135,INV-2025-0057,sub-17-3,C-sub-17-3,,2025-06,2025-06-24,2025-07-24,paid,subscription,new_term,207700.00
INV-S-0136,INV-2025-0058,sub-init-24,C-sub-init-24,,2025-07,2025-07-13,2025-08-12,paid,subscription,increment,17208.33
INV-S-0137,INV-2025-0059,sub-7-1,C-sub-7-1,,2025-07,2025-07-01,2025-07-31,paid,subscription,increment,1491.67
INV-S-0138,INV-2025-0060,sub-init-5,C-sub-init-5,,2025-07,2025-07-28,2025-08-27,paid,subscription,new_term,74150.00
INV-S-0139,INV-2025-0061,sub-init-17,C-sub-init-17,,2025-07,2025-07-13,2025-08-12,paid,subscription,new_term,70050.00
INV-S-0140,INV-2025-0062,sub-6-0,C-sub-6-0,,2025-07,2025-07-19,2025-08-18,paid,subscription,new_term,40350.00
INV-S-0141,INV-2025-0063,sub-6-1,C-sub-6-1,,2025-07,2025-07-20,2025-08-19,paid,subscription,new_term,151050.00
INV-S-0142,INV-2025-0064,sub-6-2,C-sub-6-2,,2025-07,2025-07-21,2025-08-20,paid,subscription,new_term,44000.00
INV-S-0143,INV-2025-0065,sub-18-0,C-sub-18-0,,2025-07,2025-07-02,2025-08-01,paid,subscription,new_term,67900.00
INV-S-0144,INV-2025-0066,sub-18-1,C-sub-18-1,,2025-07,2025-07-03,2025-08-02,paid,subscription,new_term,50600.00
INV-S-0145,INV-2025-0067,sub-18-2,C-sub-18-2,,2025-07,2025-07-04,2025-08-03,paid,subscription,new_term,56450.00
INV-S-0146,INV-2025-0068,sub-18-3,C-sub-18-3,,2025-07,2025-07-05,2025-08-04,paid,subscription,new_term,62000.00
INV-S-0147,INV-2025-0069,sub-init-22,C-sub-init-22,,2025-08,2025-08-11,2025-09-10,paid,subscription,increment,4600.00
INV-S-0148,INV-2025-0070,sub-3-1,C-sub-3-1,,2025-08,2025-08-21,2025-09-20,paid,subscription,increment,3366.67
INV-S-0149,INV-2025-0071,sub-8-0,C-sub-8-0,,2025-08,2025-08-09,2025-09-08,paid,subscription,increment,450.00
INV-S-0150,INV-2025-0072,sub-17-1,C-sub-17-1,,2025-08,2025-08-22,2025-09-21,paid,subscription,increment,12833.33
INV-S-0151,INV-2025-0073,sub-init-4,C-sub-init-4,,2025-08,2025-08-27,2025-09-26,paid,subscription,new_term,54650.00
INV-S-0152,INV-2025-0074,sub-init-16,C-sub-init-16,,2025-08,2025-08-12,2025-09-11,paid,subscription,new_term,86550.00
INV-S-0153,INV-2025-0075,sub-7-0,C-sub-7-0,,2025-08,2025-08-28,2025-09-27,paid,subscription,new_term,59250.00
INV-S-0154,INV-2025-0076,sub-7-1,C-sub-7-1,,2025-08,2025-08-01,2025-08-31,paid,subscription,new_term,98500.00
INV-S-0155,INV-2025-0077,sub-7-2,C-sub-7-2,,2025-08,2025-08-02,2025-09-01,paid,subscription,new_term,48500.00
INV-S-0156,INV-2025-0078,sub-19-0,C-sub-19-0,,2025-08,2025-08-11,2025-09-10,paid,subscription,new_term,636500.00
INV-S-0157,INV-2025-0079,sub-19-1,C-sub-19-1,,2025-08,2025-08-12,2025-09-11,paid,subscription,new_term,206250.00
INV-S-0158,INV-2025-0080,sub-19-2,C-sub-19-2,,2025-08,2025-08-13,2025-09-12,paid,subscription,new_term,234100.00
INV-S-0159,INV-2025-0081,sub-19-3,C-sub-19-3,,2025-08,2025-08-14,2025-09-13,paid,subscription,new_term,48850.00
INV-S-0160,INV-2025-0082,sub-init-6,C-sub-init-6,,2025-09,2025-09-01,2025-10-01,paid,subscription,increment,15375.00
INV-S-0161,INV-2025-0083,sub-init-11,C-sub-init-11,,2025-09,2025-09-07,2025-10-07,paid,subscription,increment,9566.67
INV-S-0162,INV-2025-0084,sub-init-16,C-sub-init-16,,2025-09,2025-09-12,2025-10-12,paid,subscription,increment,13475.00
INV-S-0163,INV-2025-0085,sub-0-1,C-sub-0-1,,2025-09,2025-09-22,2025-10-22,paid,subscription,increment,2283.33
INV-S-0164,INV-2025-0086,sub-9-0,C-sub-9-0,,2025-09,2025-09-18,2025-10-18,paid,subscription,increment,1662.50
INV-S-0165,INV-2025-0087,sub-16-2,C-sub-16-2,,2025-09,2025-09-14,2025-10-14,paid,subscription,increment,5066.67
INV-S-0166,INV-2025-0088,sub-17-2,C-sub-17-2,,2025-09,2025-09-23,2025-10-23,paid,subscription,increment,24637.50
INV-S-0167,INV-2025-0089,sub-13-2,C-sub-13-2,,2025-09,2025-09-15,2025-10-15,paid,subscription,refund,-2875.00
INV-S-0168,INV-2025-0090,sub-init-3,C-sub-init-3,,2025-09,2025-09-26,2025-10-26,paid,subscription,new_term,170150.00
INV-S-0169,INV-2025-0091,sub-init-15,C-sub-init-15,,2025-09,2025-09-11,2025-10-11,paid,subscription,new_term,50750.00
INV-S-0170,INV-2025-0092,sub-8-0,C-sub-8-0,,2025-09,2025-09-09,2025-10-09,paid,subscription,new_term,41250.00
INV-S-0171,INV-2025-0093,sub-8-1,C-sub-8-1,,2025-09,2025-09-10,2025-10-10,paid,subscription,new_term,820850.00
INV-S-0172,INV-2025-0094,sub-8-2,C-sub-8-2,,2025-09,2025-09-11,2025-10-11,paid,subscription,new_term,53900.00
INV-S-0173,INV-2025-0095,sub-20-0,C-sub-20-0,,2025-09,2025-09-13,2025-10-13,paid,subscription,new_term,34000.00
INV-S-0174,INV-2025-0096,sub-20-1,C-sub-20-1,,2025-09,2025-09-14,2025-10-14,paid,subscription,new_term,45100.00
INV-S-0175,INV-2025-0097,sub-20-2,C-sub-20-2,,2025-09,2025-09-15,2025-10-15,paid,subscription,new_term,150850.00
INV-S-0176,INV-2025-0098,sub-20-3,C-sub-20-3,,2025-09,2025-09-16,2025-10-16,paid,subscription,new_term,192300.00
INV-S-0177,INV-2025-0099,sub-init-17,C-sub-init-17,,2025-10,2025-10-13,2025-11-12,paid,subscription,increment,5550.00
INV-S-0178,INV-2025-0100,sub-6-2,C-sub-6-2,,2025-10,2025-10-21,2025-11-20,paid,subscription,increment,4200.00
INV-S-0179,INV-2025-0101,sub-8-1,C-sub-8-1,,2025-10,2025-10-10,2025-11-09,paid,subscription,increment,156337.50
INV-S-0180,INV-2025-0102,sub-init-2,C-sub-init-2,,2025-10,2025-10-25,2025-11-24,paid,subscription,new_term,52050.00
INV-S-0181,INV-2025-0103,sub-init-14,C-sub-init-14,,2025-10,2025-10-10,2025-11-09,paid,subscription,new_term,96200.00
INV-S-0182,INV-2025-0104,sub-9-0,C-sub-9-0,,2025-10,2025-10-18,2025-11-17,paid,subscription,new_term,190150.00
INV-S-0183,INV-2025-0105,sub-9-1,C-sub-9-1,,2025-10,2025-10-19,2025-11-18,paid,subscription,new_term,196300.00
INV-S-0184,INV-2025-0106,sub-9-2,C-sub-9-2,,2025-10,2025-10-20,2025-11-19,paid,subscription,new_term,70400.00
INV-S-0185,INV-2025-0107,sub-21-0,C-sub-21-0,,2025-10,2025-10-22,2025-11-21,paid,subscription,new_term,221600.00
INV-S-0186,INV-2025-0108,sub-21-1,C-sub-21-1,,2025-10,2025-10-23,2025-11-22,paid,subscription,new_term,46900.00
INV-S-0187,INV-2025-0109,sub-21-2,C-sub-21-2,,2025-10,2025-10-24,2025-11-23,paid,subscription,new_term,58250.00
INV-S-0188,INV-2025-0110,sub-21-3,C-sub-21-3,,2025-10,2025-10-25,2025-11-24,paid,subscription,new_term,64850.00
INV-S-0189,INV-2025-0111,sub-init-6,C-sub-init-6,,2025-11,2025-11-01,2025-12-01,paid,subscription,refund,-55445.83
INV-S-0190,INV-2025-0112,sub-init-5,C-sub-init-5,,2025-11,2025-11-28,2025-12-28,paid,subscription,increment,5133.33
INV-S-0191,INV-2025-0113,sub-15-1,C-sub-15-1,,2025-11,2025-11-04,2025-12-04,paid,subscription,increment,6270.83
INV-S-0192,INV-2025-0114,sub-17-2,C-sub-17-2,,2025-11,2025-11-23,2025-12-23,paid,subscription,increment,35495.83
INV-S-0193,INV-2025-0115,sub-17-3,C-sub-17-3,,2025-11,2025-11-24,2025-12-24,paid,subscription,increment,32812.50
INV-S-0194,INV-2025-0116,sub-19-2,C-sub-19-2,,2025-11,2025-11-13,2025-12-13,paid,subscription,increment,33300.00
INV-S-0195,INV-2025-0117,sub-3-2,C-sub-3-2,,2025-11,2025-11-22,2025-12-22,paid,subscription,refund,-3312.50
INV-S-0196,INV-2025-0118,sub-20-1,C-sub-20-1,,2025-11,2025-11-14,2025-12-14,paid,subscription,refund,-6916.67
INV-S-0197,INV-2025-0119,sub-init-1,C-sub-init-1,,2025-11,2025-11-24,2025-12-24,paid,subscription,new_term,299400.00
INV-S-0198,INV-2025-0120,sub-init-13,C-sub-init-13,,2025-11,2025-11-09,2025-12-09,paid,subscription,new_term,986650.00
INV-S-0199,INV-2025-0121,sub-init-25,C-sub-init-25,,2025-11,2025-11-14,2025-12-14,paid,subscription,new_term,728700.00
INV-S-0200,INV-2025-0122,sub-10-0,C-sub-10-0,,2025-11,2025-11-14,2025-12-14,paid,subscription,new_term,76300.00
INV-S-0201,INV-2025-0123,sub-10-1,C-sub-10-1,,2025-11,2025-11-15,2025-12-15,paid,subscription,new_term,1131250.00
INV-S-0202,INV-2025-0124,sub-10-2,C-sub-10-2,,2025-11,2025-11-16,2025-12-16,paid,subscription,new_term,173950.00
INV-S-0203,INV-2025-0125,sub-22-0,C-sub-22-0,,2025-11,2025-11-03,2025-12-03,paid,subscription,new_term,196750.00
INV-S-0204,INV-2025-0126,sub-22-1,C-sub-22-1,,2025-11,2025-11-04,2025-12-04,paid,subscription,new_term,135300.00
INV-S-0205,INV-2025-0127,sub-22-2,C-sub-22-2,,2025-11,2025-11-05,2025-12-05,paid,subscription,new_term,63100.00
INV-S-0206,INV-2025-0128,sub-22-3,C-sub-22-3,,2025-11,2025-11-06,2025-12-06,paid,subscription,new_term,33250.00
INV-S-0207,INV-2025-0129,sub-13-1,C-sub-13-1,,2025-12,2025-12-14,2026-01-13,paid,subscription,refund,-11425.00
INV-S-0208,INV-2025-0130,sub-init-2,C-sub-init-2,,2025-12,2025-12-25,2026-01-24,paid,subscription,increment,6958.33
INV-S-0209,INV-2025-0131,sub-16-3,C-sub-16-3,,2025-12,2025-12-15,2026-01-14,paid,subscription,increment,9187.50
INV-S-0210,INV-2025-0132,sub-init-0,C-sub-init-0,,2025-12,2025-12-23,2026-01-22,paid,subscription,new_term,302900.00
INV-S-0211,INV-2025-0133,sub-init-12,C-sub-init-12,,2025-12,2025-12-08,2026-01-07,paid,subscription,new_term,37050.00
INV-S-0212,INV-2025-0134,sub-init-24,C-sub-init-24,,2025-12,2025-12-13,2026-01-12,paid,subscription,new_term,286950.00
INV-S-0213,INV-2025-0135,sub-11-0,C-sub-11-0,,2025-12,2025-12-23,2026-01-22,paid,subscription,new_term,125250.00
INV-S-0214,INV-2025-0136,sub-11-1,C-sub-11-1,,2025-12,2025-12-24,2026-01-23,paid,subscription,new_term,224650.00
INV-S-0215,INV-2025-0137,sub-11-2,C-sub-11-2,,2025-12,2025-12-25,2026-01-24,paid,subscription,new_term,51050.00
INV-S-0216,INV-2025-0138,sub-23-0,C-sub-23-0,,2025-12,2025-12-12,2026-01-11,paid,subscription,new_term,60500.00
INV-S-0217,INV-2025-0139,sub-23-1,C-sub-23-1,,2025-12,2025-12-13,2026-01-12,paid,subscription,new_term,52400.00
INV-S-0218,INV-2025-0140,sub-23-2,C-sub-23-2,,2025-12,2025-12-14,2026-01-13,paid,subscription,new_term,57950.00
INV-S-0219,INV-2025-0141,sub-23-3,C-sub-23-3,,2025-12,2025-12-15,2026-01-14,paid,subscription,new_term,176250.00
INV-S-0220,INV-2026-0001,sub-23-2,C-sub-23-2,,2026-01,2026-01-14,2026-02-13,paid,subscription,refund,-53120.83
INV-S-0221,INV-2026-0002,sub-init-0,C-sub-init-0,,2026-01,2026-01-23,2026-02-22,paid,subscription,increment,19433.33
INV-S-0222,INV-2026-0003,sub-init-1,C-sub-init-1,,2026-01,2026-01-24,2026-02-23,paid,subscription,increment,17458.33
INV-S-0223,INV-2026-0004,sub-init-2,C-sub-init-2,,2026-01,2026-01-25,2026-02-24,paid,subscription,increment,3187.50
INV-S-0224,INV-2026-0005,sub-init-3,C-sub-init-3,,2026-01,2026-01-26,2026-02-25,paid,subscription,increment,7933.33
INV-S-0225,INV-2026-0006,sub-init-4,C-sub-init-4,,2026-01,2026-01-27,2026-02-26,paid,subscription,increment,2245.83
INV-S-0226,INV-2026-0007,sub-init-5,C-sub-init-5,,2026-01,2026-01-28,2026-02-27,paid,subscription,increment,2875.00
INV-S-0227,INV-2026-0008,sub-init-7,C-sub-init-7,,2026-01,2026-01-02,2026-02-01,paid,subscription,increment,1100.00
INV-S-0228,INV-2026-0009,sub-init-8,C-sub-init-8,,2026-01,2026-01-03,2026-02-02,paid,subscription,increment,862.50
INV-S-0229,INV-2026-0010,sub-init-9,C-sub-init-9,,2026-01,2026-01-04,2026-02-03,paid,subscription,increment,458.33
INV-S-0230,INV-2026-0011,sub-init-12,C-sub-init-12,,2026-01,2026-01-08,2026-02-07,paid,subscription,increment,2383.33
INV-S-0231,INV-2026-0012,sub-init-13,C-sub-init-13,,2026-01,2026-01-09,2026-02-08,paid,subscription,increment,57541.67
INV-S-0232,INV-2026-0013,sub-init-14,C-sub-init-14,,2026-01,2026-01-10,2026-02-09,paid,subscription,increment,5062.50
INV-S-0233,INV-2026-0014,sub-init-15,C-sub-init-15,,2026-01,2026-01-11,2026-02-10,paid,subscription,increment,2366.67
INV-S-0234,INV-2026-0015,sub-init-16,C-sub-init-16,,2026-01,2026-01-12,2026-02-11,paid,subscription,increment,4141.67
INV-S-0235,INV-2026-0016,sub-init-17,C-sub-init-17,,2026-01,2026-01-13,2026-02-12,paid,subscription,increment,2700.00
INV-S-0236,INV-2026-0017,sub-init-18,C-sub-init-18,,2026-01,2026-01-14,2026-02-13,paid,subscription,increment,1270.83
INV-S-0237,INV-2026-0018,sub-init-19,C-sub-init-19,,2026-01,2026-01-15,2026-02-14,paid,subscription,increment,850.00
INV-S-0238,INV-2026-0019,sub-init-20,C-sub-init-20,,2026-01,2026-01-09,2026-02-08,paid,subscription,increment,3400.00
INV-S-0239,INV-2026-0020,sub-init-21,C-sub-init-21,,2026-01,2026-01-10,2026-02-09,paid,subscription,increment,441.67
INV-S-0240,INV-2026-0021,sub-init-22,C-sub-init-22,,2026-01,2026-01-11,2026-02-10,paid,subscription,increment,391.67
INV-S-0241,INV-2026-0022,sub-init-24,C-sub-init-24,,2026-01,2026-01-13,2026-02-12,paid,subscription,increment,18425.00
INV-S-0242,INV-2026-0023,sub-init-25,C-sub-init-25,,2026-01,2026-01-14,2026-02-13,paid,subscription,increment,42500.00
INV-S-0243,INV-2026-0024,sub-1-0,C-sub-1-0,,2026-01,2026-01-02,2026-02-01,paid,subscription,increment,479.17
INV-S-0244,INV-2026-0025,sub-1-1,C-sub-1-1,,2026-01,2026-01-03,2026-02-02,paid,subscription,increment,295.83
INV-S-0245,INV-2026-0026,sub-2-0,C-sub-2-0,,2026-01,2026-01-11,2026-02-10,paid,subscription,increment,558.33
INV-S-0246,INV-2026-0027,sub-2-1,C-sub-2-1,,2026-01,2026-01-12,2026-02-11,paid,subscription,increment,2650.00
INV-S-0247,INV-2026-0028,sub-3-0,C-sub-3-0,,2026-01,2026-01-20,2026-02-19,paid,subscription,increment,4800.00
INV-S-0248,INV-2026-0029,sub-3-1,C-sub-3-1,,2026-01,2026-01-21,2026-02-20,paid,subscription,increment,837.50
INV-S-0249,INV-2026-0030,sub-3-2,C-sub-3-2,,2026-01,2026-01-22,2026-02-21,paid,subscription,increment,725.00
INV-S-0250,INV-2026-0031,sub-4-0,C-sub-4-0,,2026-01,2026-01-01,2026-01-31,paid,subscription,increment,1583.33
INV-S-0251,INV-2026-0032,sub-4-1,C-sub-4-1,,2026-01,2026-01-02,2026-02-01,paid,subscription,increment,3883.33
INV-S-0252,INV-2026-0033,sub-4-2,C-sub-4-2,,2026-01,2026-01-03,2026-02-02,paid,subscription,increment,1583.33
INV-S-0253,INV-2026-0034,sub-5-1,C-sub-5-1,,2026-01,2026-01-11,2026-02-10,paid,subscription,increment,1645.83
INV-S-0254,INV-2026-0035,sub-5-2,C-sub-5-2,,2026-01,2026-01-12,2026-02-11,paid,subscription,increment,1166.67
INV-S-0255,INV-2026-0036,sub-6-0,C-sub-6-0,,2026-01,2026-01-19,2026-02-18,paid,subscription,increment,1400.00
INV-S-0256,INV-2026-0037,sub-6-1,C-sub-6-1,,2026-01,2026-01-20,2026-02-19,paid,subscription,increment,5275.00
INV-S-0257,INV-2026-0038,sub-6-2,C-sub-6-2,,2026-01,2026-01-21,2026-02-20,paid,subscription,increment,1725.00
INV-S-0258,INV-2026-0039,sub-7-0,C-sub-7-0,,2026-01,2026-01-28,2026-02-27,paid,subscription,increment,2420.83
INV-S-0259,INV-2026-0040,sub-7-1,C-sub-7-1,,2026-01,2026-01-01,2026-01-31,paid,subscription,increment,4025.00
INV-S-0260,INV-2026-0041,sub-7-2,C-sub-7-2,,2026-01,2026-01-02,2026-02-01,paid,subscription,increment,1983.33
INV-S-0261,INV-2026-0042,sub-8-0,C-sub-8-0,,2026-01,2026-01-09,2026-02-08,paid,subscription,increment,1933.33
INV-S-0262,INV-2026-0043,sub-8-1,C-sub-8-1,,2026-01,2026-01-10,2026-02-09,paid,subscription,increment,46266.67
INV-S-0263,INV-2026-0044,sub-8-2,C-sub-8-2,,2026-01,2026-01-11,2026-02-10,paid,subscription,increment,2500.00
INV-S-0264,INV-2026-0045,sub-9-0,C-sub-9-0,,2026-01,2026-01-18,2026-02-17,paid,subscription,increment,9975.00
INV-S-0265,INV-2026-0046,sub-9-1,C-sub-9-1,,2026-01,2026-01-19,2026-02-18,paid,subscription,increment,10312.50
INV-S-0266,INV-2026-0047,sub-9-2,C-sub-9-2,,2026-01,2026-01-20,2026-02-19,paid,subscription,increment,3712.50
INV-S-0267,INV-2026-0048,sub-10-0,C-sub-10-0,,2026-01,2026-01-14,2026-02-13,paid,subscription,increment,4458.33
INV-S-0268,INV-2026-0049,sub-10-1,C-sub-10-1,,2026-01,2026-01-15,2026-02-14,paid,subscription,increment,66000.00
INV-S-0269,INV-2026-0050,sub-10-2,C-sub-10-2,,2026-01,2026-01-16,2026-02-15,paid,subscription,increment,10166.67
INV-S-0270,INV-2026-0051,sub-11-0,C-sub-11-0,,2026-01,2026-01-23,2026-02-22,paid,subscription,increment,8020.83
INV-S-0271,INV-2026-0052,sub-11-1,C-sub-11-1,,2026-01,2026-01-24,2026-02-23,paid,subscription,increment,14437.50
INV-S-0272,INV-2026-0053,sub-11-2,C-sub-11-2,,2026-01,2026-01-25,2026-02-24,paid,subscription,increment,3254.17
INV-S-0273,INV-2026-0054,sub-13-0,C-sub-13-0,,2026-01,2026-01-13,2026-02-12,paid,subscription,increment,220.83
INV-S-0274,INV-2026-0055,sub-13-2,C-sub-13-2,,2026-01,2026-01-15,2026-02-14,paid,subscription,increment,295.83
INV-S-0275,INV-2026-0056,sub-14-0,C-sub-14-0,,2026-01,2026-01-22,2026-02-21,paid,subscription,increment,1933.33
INV-S-0276,INV-2026-0057,sub-14-1,C-sub-14-1,,2026-01,2026-01-23,2026-02-22,paid,subscription,increment,591.67
INV-S-0277,INV-2026-0058,sub-14-2,C-sub-14-2,,2026-01,2026-01-24,2026-02-23,paid,subscription,increment,708.33
INV-S-0278,INV-2026-0059,sub-15-0,C-sub-15-0,,2026-01,2026-01-03,2026-02-02,paid,subscription,increment,950.00
INV-S-0279,INV-2026-0060,sub-15-1,C-sub-15-1,,2026-01,2026-01-04,2026-02-03,paid,subscription,increment,1425.00
INV-S-0280,INV-2026-0061,sub-15-2,C-sub-15-2,,2026-01,2026-01-05,2026-02-04,paid,subscription,increment,637.50
INV-S-0281,INV-2026-0062,sub-15-3,C-sub-15-3,,2026-01,2026-01-06,2026-02-05,paid,subscription,increment,2900.00
INV-S-0282,INV-2026-0063,sub-16-0,C-sub-16-0,,2026-01,2026-01-12,2026-02-11,paid,subscription,increment,5883.33
INV-S-0283,INV-2026-0064,sub-16-1,C-sub-16-1,,2026-01,2026-01-13,2026-02-12,paid,subscription,increment,1466.67
INV-S-0284,INV-2026-0065,sub-16-2,C-sub-16-2,,2026-01,2026-01-14,2026-02-13,paid,subscription,increment,1183.33
INV-S-0285,INV-2026-0066,sub-16-3,C-sub-16-3,,2026-01,2026-01-15,2026-02-14,paid,subscription,increment,2483.33
INV-S-0286,INV-2026-0067,sub-17-0,C-sub-17-0,,2026-01,2026-01-21,2026-02-20,paid,subscription,increment,1312.50
INV-S-0287,INV-2026-0068,sub-17-1,C-sub-17-1,,2026-01,2026-01-22,2026-02-21,paid,subscription,increment,2000.00
INV-S-0288,INV-2026-0069,sub-17-2,C-sub-17-2,,2026-01,2026-01-23,2026-02-22,paid,subscription,increment,10312.50
INV-S-0289,INV-2026-0070,sub-17-3,C-sub-17-3,,2026-01,2026-01-24,2026-02-23,paid,subscription,increment,7708.33
INV-S-0290,INV-2026-0071,sub-18-0,C-sub-18-0,,2026-01,2026-01-02,2026-02-01,paid,subscription,increment,2375.00
INV-S-0291,INV-2026-0072,sub-18-1,C-sub-18-1,,2026-01,2026-01-03,2026-02-02,paid,subscription,increment,1775.00
INV-S-0292,INV-2026-0073,sub-18-2,C-sub-18-2,,2026-01,2026-01-04,2026-02-03,paid,subscription,increment,1975.00
INV-S-0293,INV-2026-0074,sub-18-3,C-sub-18-3,,2026-01,2026-01-05,2026-02-04,paid,subscription,increment,2175.00
INV-S-0294,INV-2026-0075,sub-19-0,C-sub-19-0,,2026-01,2026-01-11,2026-02-10,paid,subscription,increment,25987.50
INV-S-0295,INV-2026-0076,sub-19-1,C-sub-19-1,,2026-01,2026-01-12,2026-02-11,paid,subscription,increment,8429.17
INV-S-0296,INV-2026-0077,sub-19-2,C-sub-19-2,,2026-01,2026-01-13,2026-02-12,paid,subscription,increment,11375.00
INV-S-0297,INV-2026-0078,sub-19-3,C-sub-19-3,,2026-01,2026-01-14,2026-02-13,paid,subscription,increment,1983.33
INV-S-0298,INV-2026-0079,sub-20-0,C-sub-20-0,,2026-01,2026-01-13,2026-02-12,paid,subscription,increment,1600.00
INV-S-0299,INV-2026-0080,sub-20-1,C-sub-20-1,,2026-01,2026-01-14,2026-02-13,paid,subscription,increment,1733.33
INV-S-0300,INV-2026-0081,sub-20-2,C-sub-20-2,,2026-01,2026-01-15,2026-02-14,paid,subscription,increment,7033.33
INV-S-0301,INV-2026-0082,sub-20-3,C-sub-20-3,,2026-01,2026-01-16,2026-02-15,paid,subscription,increment,8966.67
INV-S-0302,INV-2026-0083,sub-21-0,C-sub-21-0,,2026-01,2026-01-22,2026-02-21,paid,subscription,increment,11625.00
INV-S-0303,INV-2026-0084,sub-21-1,C-sub-21-1,,2026-01,2026-01-23,2026-02-22,paid,subscription,increment,2475.00
INV-S-0304,INV-2026-0085,sub-21-2,C-sub-21-2,,2026-01,2026-01-24,2026-02-23,paid,subscription,increment,3075.00
INV-S-0305,INV-2026-0086,sub-21-3,C-sub-21-3,,2026-01,2026-01-25,2026-02-24,paid,subscription,increment,3412.50
INV-S-0306,INV-2026-0087,sub-22-0,C-sub-22-0,,2026-01,2026-01-03,2026-02-02,paid,subscription,increment,11458.33
INV-S-0307,INV-2026-0088,sub-22-1,C-sub-22-1,,2026-01,2026-01-04,2026-02-03,paid,subscription,increment,7875.00
INV-S-0308,INV-2026-0089,sub-22-2,C-sub-22-2,,2026-01,2026-01-05,2026-02-04,paid,subscription,increment,3666.67
INV-S-0309,INV-2026-0090,sub-22-3,C-sub-22-3,,2026-01,2026-01-06,2026-02-05,paid,subscription,increment,1958.33
INV-S-0310,INV-2026-0091,sub-23-0,C-sub-23-0,,2026-01,2026-01-12,2026-02-11,paid,subscription,increment,3895.83
INV-S-0311,INV-2026-0092,sub-23-1,C-sub-23-1,,2026-01,2026-01-13,2026-02-12,paid,subscription,increment,3345.83
INV-S-0312,INV-2026-0093,sub-23-3,C-sub-23-3,,2026-01,2026-01-15,2026-02-14,paid,subscription,increment,11320.83
INV-S-0313,INV-2026-0094,sub-7-2,C-sub-7-2,,2026-01,2026-01-02,2026-02-01,paid,subscription,increment,4637.50
INV-S-0314,INV-2026-0095,sub-11-0,C-sub-11-0,,2026-01,2026-01-23,2026-02-22,paid,subscription,increment,23558.33
INV-S-0315,INV-2026-0096,sub-16-3,C-sub-16-3,,2026-01,2026-01-15,2026-02-14,paid,subscription,increment,5466.67
INV-S-0316,INV-2026-0097,sub-18-0,C-sub-18-0,,2026-01,2026-01-02,2026-02-01,paid,subscription,increment,4125.00
INV-S-0317,INV-2026-0098,sub-init-11,C-sub-init-11,,2026-01,2026-01-07,2026-02-06,paid,subscription,new_term,211350.00
INV-S-0318,INV-2026-0099,sub-0-0,C-sub-0-0,,2026-01,2026-01-21,2026-02-20,paid,subscription,new_term,211200.00
INV-S-0319,INV-2026-0100,sub-0-1,C-sub-0-1,,2026-01,2026-01-22,2026-02-21,paid,subscription,new_term,72950.00
INV-S-0320,INV-2026-0101,sub-12-0,C-sub-12-0,,2026-01,2026-01-04,2026-02-03,paid,subscription,new_term,212750.00
INV-S-0321,INV-2026-0102,sub-12-1,C-sub-12-1,,2026-01,2026-01-05,2026-02-04,paid,subscription,new_term,82050.00
INV-S-0322,INV-2026-0103,sub-12-2,C-sub-12-2,,2026-01,2026-01-06,2026-02-05,paid,subscription,new_term,37200.00
INV-S-0323,INV-2026-0104,sub-24-0,C-sub-24-0,,2026-01,2026-01-21,2026-02-20,paid,subscription,new_term,131550.00
INV-S-0324,INV-2026-0105,sub-24-1,C-sub-24-1,,2026-01,2026-01-22,2026-02-21,paid,subscription,new_term,686900.00
INV-S-0325,INV-2026-0106,sub-24-2,C-sub-24-2,,2026-01,2026-01-23,2026-02-22,paid,subscription,new_term,43050.00
INV-S-0326,INV-2026-0107,sub-init-17,C-sub-init-17,,2026-02,2026-02-13,2026-03-15,paid,subscription,increment,7437.50
INV-S-0327,INV-2026-0108,sub-init-19,C-sub-init-19,,2026-02,2026-02-15,2026-03-17,paid,subscription,increment,2512.50
INV-S-0328,INV-2026-0109,sub-11-2,C-sub-11-2,,2026-02,2026-02-25,2026-03-27,paid,subscription,increment,12000.00
INV-S-0329,INV-2026-0110,sub-24-2,C-sub-24-2,,2026-02,2026-02-23,2026-03-25,paid,subscription,increment,7837.50
INV-S-0330,INV-2026-0111,sub-11-0,C-sub-11-0,,2026-02,2026-02-23,2026-03-25,paid,subscription,refund,-13708.33
INV-S-0331,INV-2026-0112,sub-init-22,C-sub-init-22,,2026-02,2026-02-11,2026-03-13,paid,subscription,new_term,71850.00
INV-S-0332,INV-2026-0113,sub-1-0,C-sub-1-0,,2026-02,2026-02-02,2026-03-04,paid,subscription,new_term,87800.00
INV-S-0333,INV-2026-0114,sub-1-1,C-sub-1-1,,2026-02,2026-02-03,2026-03-05,paid,subscription,new_term,54400.00
INV-S-0334,INV-2026-0115,sub-13-0,C-sub-13-0,,2026-02,2026-02-13,2026-03-15,paid,subscription,new_term,40850.00
INV-S-0335,INV-2026-0116,sub-13-2,C-sub-13-2,,2026-02,2026-02-15,2026-03-17,paid,subscription,new_term,54250.00
INV-S-0336,INV-2026-0117,sub-25-0,C-sub-25-0,,2026-02,2026-02-02,2026-03-04,paid,subscription,new_term,125500.00
INV-S-0337,INV-2026-0118,sub-25-1,C-sub-25-1,,2026-02,2026-02-03,2026-03-05,paid,subscription,new_term,53850.00
INV-S-0338,INV-2026-0119,sub-25-2,C-sub-25-2,,2026-02,2026-02-04,2026-03-06,paid,subscription,new_term,63100.00
INV-S-0339,INV-2026-0120,sub-init-7,C-sub-init-7,,2026-03,2026-03-02,2026-04-01,paid,subscription,refund,-1016.67
INV-S-0340,INV-2026-0121,sub-init-9,C-sub-init-9,,2026-03,2026-03-04,2026-04-03,paid,subscription,new_term,41700.00
INV-S-0341,INV-2026-0122,sub-init-21,C-sub-init-21,,2026-03,2026-03-10,2026-04-09,paid,subscription,new_term,52300.00
INV-S-0342,INV-2026-0123,sub-2-0,C-sub-2-0,,2026-03,2026-03-11,2026-04-10,paid,subscription,new_term,51250.00
INV-S-0343,INV-2026-0124,sub-2-1,C-sub-2-1,,2026-03,2026-03-12,2026-04-11,paid,subscription,new_term,242850.00
INV-S-0344,INV-2026-0125,sub-14-0,C-sub-14-0,,2026-03,2026-03-22,2026-04-21,paid,subscription,new_term,177250.00
INV-S-0345,INV-2026-0126,sub-14-1,C-sub-14-1,,2026-03,2026-03-23,2026-04-22,paid,subscription,new_term,54100.00
INV-S-0346,INV-2026-0127,sub-14-2,C-sub-14-2,,2026-03,2026-03-24,2026-04-23,paid,subscription,new_term,64650.00
INV-S-0347,INV-2026-0128,sub-26-0,C-sub-26-0,,2026-03,2026-03-11,2026-04-10,paid,subscription,new_term,215900.00
INV-S-0348,INV-2026-0129,sub-26-1,C-sub-26-1,,2026-03,2026-03-12,2026-04-11,paid,subscription,new_term,261200.00
INV-S-0349,INV-2026-0130,sub-26-2,C-sub-26-2,,2026-03,2026-03-13,2026-04-12,paid,subscription,new_term,39450.00
INV-S-0350,INV-2026-0131,sub-2-1,C-sub-2-1,,2026-04,2026-04-12,2026-05-12,paid,subscription,refund,-222612.50
INV-S-0351,INV-2026-0132,sub-7-1,C-sub-7-1,,2026-04,2026-04-01,2026-05-01,paid,subscription,refund,-35133.33
INV-S-0352,INV-2026-0133,sub-init-12,C-sub-init-12,,2026-04,2026-04-08,2026-05-08,open,subscription,increment,3500.00
INV-S-0353,INV-2026-0134,sub-1-0,C-sub-1-0,,2026-04,2026-04-02,2026-05-02,paid,subscription,increment,12875.00
INV-S-0354,INV-2026-0135,sub-21-1,C-sub-21-1,,2026-04,2026-04-23,2026-05-23,open,subscription,increment,5650.00
INV-S-0355,INV-2026-0136,sub-init-8,C-sub-init-8,,2026-04,2026-04-03,2026-05-03,paid,subscription,new_term,52550.00
INV-S-0356,INV-2026-0137,sub-init-20,C-sub-init-20,,2026-04,2026-04-09,2026-05-09,open,subscription,new_term,208200.00
INV-S-0357,INV-2026-0138,sub-3-0,C-sub-3-0,,2026-04,2026-04-20,2026-05-20,open,subscription,new_term,293200.00
INV-S-0358,INV-2026-0139,sub-3-1,C-sub-3-1,,2026-04,2026-04-21,2026-05-21,open,subscription,new_term,51450.00
INV-S-0359,INV-2026-0140,sub-3-2,C-sub-3-2,,2026-04,2026-04-22,2026-05-22,open,subscription,new_term,44200.00
INV-S-0360,INV-2026-0141,sub-15-0,C-sub-15-0,,2026-04,2026-04-03,2026-05-03,paid,subscription,new_term,58300.00
INV-S-0361,INV-2026-0142,sub-15-1,C-sub-15-1,,2026-04,2026-04-04,2026-05-04,open,subscription,new_term,86800.00
INV-S-0362,INV-2026-0143,sub-15-2,C-sub-15-2,,2026-04,2026-04-05,2026-05-05,open,subscription,new_term,39000.00
INV-S-0363,INV-2026-0144,sub-15-3,C-sub-15-3,,2026-04,2026-04-06,2026-05-06,open,subscription,new_term,177300.00
INV-S-0364,INV-2026-0145,sub-27-0,C-sub-27-0,,2026-04,2026-04-20,2026-05-20,open,subscription,new_term,67900.00
INV-S-0365,INV-2026-0146,sub-27-1,C-sub-27-1,,2026-04,2026-04-21,2026-05-21,open,subscription,new_term,70250.00
INV-S-0366,INV-2026-0147,sub-27-2,C-sub-27-2,,2026-04,2026-04-22,2026-05-22,open,subscription,new_term,67050.00
INV-S-0367,INV-2026-0148,sub-27-3,C-sub-27-3,,2026-04,2026-04-23,2026-05-23,open,subscription,new_term,169650.00
INV-S-0368,INV-2026-0149,sub-16-1,C-sub-16-1,,2026-05,2026-05-13,2026-06-12,paid,subscription,refund,0.00
INV-S-0369,INV-2026-0150,sub-init-8,C-sub-init-8,,2026-05,2026-05-03,2026-06-02,open,subscription,increment,7929.17
INV-S-0370,INV-2026-0151,sub-6-0,C-sub-6-0,,2026-05,2026-05-19,2026-06-18,open,subscription,increment,1591.67
INV-S-0371,INV-2026-0152,sub-17-1,C-sub-17-1,,2026-05,2026-05-22,2026-06-21,paid,subscription,refund,-479.17
INV-S-0372,INV-2026-0153,sub-init-7,C-sub-init-7,,2026-05,2026-05-02,2026-06-01,open,subscription,new_term,44500.00
INV-S-0373,INV-2026-0154,sub-init-19,C-sub-init-19,,2026-05,2026-05-15,2026-06-14,open,subscription,new_term,49350.00
INV-S-0374,INV-2026-0155,sub-4-0,C-sub-4-0,,2026-05,2026-05-01,2026-05-31,open,subscription,new_term,72850.00
INV-S-0375,INV-2026-0156,sub-4-1,C-sub-4-1,,2026-05,2026-05-02,2026-06-01,open,subscription,new_term,177950.00
INV-S-0376,INV-2026-0157,sub-4-2,C-sub-4-2,,2026-05,2026-05-03,2026-06-02,open,subscription,new_term,72800.00
INV-S-0377,INV-2026-0158,sub-16-0,C-sub-16-0,,2026-05,2026-05-12,2026-06-11,open,subscription,new_term,270000.00
INV-S-0378,INV-2026-0159,sub-16-2,C-sub-16-2,,2026-05,2026-05-14,2026-06-13,open,subscription,new_term,54400.00
INV-S-0379,INV-2026-0160,sub-16-3,C-sub-16-3,,2026-05,2026-05-15,2026-06-14,open,subscription,new_term,129950.00
INV-S-0380,INV-2026-0161,sub-28-0,C-sub-28-0,,2026-05,2026-05-01,2026-05-31,open,subscription,new_term,44600.00
INV-S-0381,INV-2026-0162,sub-28-1,C-sub-28-1,,2026-05,2026-05-02,2026-06-01,open,subscription,new_term,137050.00
INV-S-0382,INV-2026-0163,sub-28-2,C-sub-28-2,,2026-05,2026-05-03,2026-06-02,open,subscription,new_term,259750.00
INV-S-0383,INV-2026-0164,sub-28-3,C-sub-28-3,,2026-05,2026-05-04,2026-06-03,open,subscription,new_term,48100.00
INV-S-0384,INV-2026-0165,sub-9-0,C-sub-9-0,,2026-06,2026-06-18,2026-07-18,open,subscription,increment,19616.67
INV-S-0385,INV-2026-0166,sub-9-2,C-sub-9-2,,2026-06,2026-06-20,2026-07-20,open,subscription,increment,3900.00
INV-S-0386,INV-2026-0167,sub-22-3,C-sub-22-3,,2026-06,2026-06-06,2026-07-06,open,subscription,increment,1625.00
INV-S-0387,INV-2026-0168,sub-25-1,C-sub-25-1,,2026-06,2026-06-03,2026-07-03,open,subscription,increment,7533.33
INV-S-0388,INV-2026-0169,sub-20-2,C-sub-20-2,,2026-06,2026-06-15,2026-07-15,paid,subscription,refund,-4350.00
INV-S-0389,INV-2026-0170,sub-init-18,C-sub-init-18,,2026-06,2026-06-14,2026-07-14,open,subscription,new_term,46950.00
INV-S-0390,INV-2026-0171,sub-5-1,C-sub-5-1,,2026-06,2026-06-11,2026-07-11,open,subscription,new_term,60650.00
INV-S-0391,INV-2026-0172,sub-5-2,C-sub-5-2,,2026-06,2026-06-12,2026-07-12,open,subscription,new_term,43150.00
INV-S-0392,INV-2026-0173,sub-17-0,C-sub-17-0,,2026-06,2026-06-21,2026-07-21,open,subscription,new_term,48500.00
INV-S-0393,INV-2026-0174,sub-17-1,C-sub-17-1,,2026-06,2026-06-22,2026-07-22,open,subscription,new_term,67750.00
INV-S-0394,INV-2026-0175,sub-17-2,C-sub-17-2,,2026-06,2026-06-23,2026-07-23,open,subscription,new_term,378550.00
INV-S-0395,INV-2026-0176,sub-17-3,C-sub-17-3,,2026-06,2026-06-24,2026-07-24,open,subscription,new_term,282450.00
INV-S-0396,INV-2026-0177,sub-29-0,C-sub-29-0,,2026-06,2026-06-10,2026-07-10,open,subscription,new_term,164200.00
INV-S-0397,INV-2026-0178,sub-29-1,C-sub-29-1,,2026-06,2026-06-11,2026-07-11,open,subscription,new_term,52700.00
INV-S-0398,INV-2026-0179,sub-29-2,C-sub-29-2,,2026-06,2026-06-12,2026-07-12,open,subscription,new_term,147850.00
INV-S-0399,INV-2026-0180,sub-29-3,C-sub-29-3,,2026-06,2026-06-13,2026-07-13,open,subscription,new_term,37250.00
INV-S-0400,INV-2026-0181,sub-18-1,C-sub-18-1,,2026-07,2026-07-03,2026-08-02,paid,subscription,refund,0.00
INV-S-0401,INV-2026-0182,sub-init-1,C-sub-init-1,,2026-07,2026-07-24,2026-08-23,open,subscription,increment,20233.33
INV-S-0402,INV-2026-0183,sub-5-2,C-sub-5-2,,2026-07,2026-07-12,2026-08-11,open,subscription,increment,10816.67
INV-S-0403,INV-2026-0184,sub-17-1,C-sub-17-1,,2026-07,2026-07-22,2026-08-21,open,subscription,increment,15079.17
INV-S-0404,INV-2026-0185,sub-init-5,C-sub-init-5,,2026-07,2026-07-28,2026-08-27,open,subscription,new_term,87600.00
INV-S-0405,INV-2026-0186,sub-init-17,C-sub-init-17,,2026-07,2026-07-13,2026-08-12,open,subscription,new_term,100700.00
INV-S-0406,INV-2026-0187,sub-6-0,C-sub-6-0,,2026-07,2026-07-19,2026-08-18,open,subscription,new_term,52700.00
INV-S-0407,INV-2026-0188,sub-6-1,C-sub-6-1,,2026-07,2026-07-20,2026-08-19,open,subscription,new_term,161600.00
INV-S-0408,INV-2026-0189,sub-6-2,C-sub-6-2,,2026-07,2026-07-21,2026-08-20,open,subscription,new_term,53050.00
INV-S-0409,INV-2026-0190,sub-18-0,C-sub-18-0,,2026-07,2026-07-02,2026-08-01,open,subscription,new_term,80900.00
INV-S-0410,INV-2026-0191,sub-18-2,C-sub-18-2,,2026-07,2026-07-04,2026-08-03,open,subscription,new_term,60400.00
INV-S-0411,INV-2026-0192,sub-18-3,C-sub-18-3,,2026-07,2026-07-05,2026-08-04,open,subscription,new_term,66350.00
INV-S-0412,INV-2026-0193,sub-30-0,C-sub-30-0,,2026-07,2026-07-12,2026-08-11,open,subscription,new_term,60450.00
INV-S-0413,INV-2026-0194,sub-30-1,C-sub-30-1,,2026-07,2026-07-13,2026-08-12,open,subscription,new_term,235950.00
INV-S-0414,INV-2026-0195,sub-30-2,C-sub-30-2,,2026-07,2026-07-14,2026-08-13,open,subscription,new_term,62200.00
INV-S-0415,INV-2026-0196,sub-30-3,C-sub-30-3,,2026-07,2026-07-15,2026-08-14,open,subscription,new_term,39250.00
INV-S-0416,INV-2026-0197,sub-30-4,C-sub-30-4,,2026-07,2026-07-16,2026-08-15,open,subscription,new_term,1100200.00
INV-S-0417,INV-2026-0198,sub-21-1,C-sub-21-1,,2026-08,2026-08-23,2026-09-22,paid,subscription,refund,-10250.00
INV-S-0418,INV-2026-0199,sub-init-15,C-sub-init-15,,2026-08,2026-08-11,2026-09-10,paid,subscription,refund,-845.83
INV-S-0419,INV-2026-0200,sub-init-4,C-sub-init-4,,2026-08,2026-08-27,2026-09-26,open,subscription,new_term,58500.00
INV-S-0420,INV-2026-0201,sub-init-16,C-sub-init-16,,2026-08,2026-08-12,2026-09-11,open,subscription,new_term,108350.00
INV-S-0421,INV-2026-0202,sub-7-0,C-sub-7-0,,2026-08,2026-08-28,2026-09-27,open,subscription,new_term,63400.00
INV-S-0422,INV-2026-0203,sub-7-2,C-sub-7-2,,2026-08,2026-08-02,2026-09-01,open,subscription,new_term,59850.00
INV-S-0423,INV-2026-0204,sub-19-0,C-sub-19-0,,2026-08,2026-08-11,2026-09-10,open,subscription,new_term,681050.00
INV-S-0424,INV-2026-0205,sub-19-1,C-sub-19-1,,2026-08,2026-08-12,2026-09-11,open,subscription,new_term,220700.00
INV-S-0425,INV-2026-0206,sub-19-2,C-sub-19-2,,2026-08,2026-08-13,2026-09-12,open,subscription,new_term,298000.00
INV-S-0426,INV-2026-0207,sub-19-3,C-sub-19-3,,2026-08,2026-08-14,2026-09-13,open,subscription,new_term,64250.00
INV-S-0427,INV-2026-0208,sub-31-0,C-sub-31-0,,2026-08,2026-08-21,2026-09-20,open,subscription,new_term,1208850.00
INV-S-0428,INV-2026-0209,sub-31-1,C-sub-31-1,,2026-08,2026-08-22,2026-09-21,open,subscription,new_term,43850.00
INV-S-0429,INV-2026-0210,sub-31-2,C-sub-31-2,,2026-08,2026-08-23,2026-09-22,open,subscription,new_term,51700.00
INV-S-0430,INV-2026-0211,sub-31-3,C-sub-31-3,,2026-08,2026-08-24,2026-09-23,open,subscription,new_term,56700.00
INV-S-0431,INV-2026-0212,sub-31-4,C-sub-31-4,,2026-08,2026-08-25,2026-09-24,open,subscription,new_term,233050.00
INV-S-0432,INV-2026-0213,sub-27-0,C-sub-27-0,,2026-09,2026-09-20,2026-10-20,paid,subscription,refund,-39608.33
INV-S-0433,INV-2026-0214,sub-1-1,C-sub-1-1,,2026-09,2026-09-03,2026-10-03,open,subscription,increment,5895.83
INV-S-0434,INV-2026-0215,sub-6-2,C-sub-6-2,,2026-09,2026-09-21,2026-10-21,open,subscription,increment,7416.67
INV-S-0435,INV-2026-0216,sub-31-0,C-sub-31-0,,2026-09,2026-09-21,2026-10-21,open,subscription,increment,140387.50
INV-S-0436,INV-2026-0217,sub-init-7,C-sub-init-7,,2026-09,2026-09-02,2026-10-02,paid,subscription,refund,-4000.00
INV-S-0437,INV-2026-0218,sub-30-0,C-sub-30-0,,2026-09,2026-09-12,2026-10-12,paid,subscription,refund,-8041.67
INV-S-0438,INV-2026-0219,sub-init-3,C-sub-init-3,,2026-09,2026-09-26,2026-10-26,open,subscription,new_term,182050.00
INV-S-0439,INV-2026-0220,sub-init-15,C-sub-init-15,,2026-09,2026-09-11,2026-10-11,open,subscription,new_term,44150.00
INV-S-0440,INV-2026-0221,sub-8-0,C-sub-8-0,,2026-09,2026-09-09,2026-10-09,open,subscription,new_term,44150.00
INV-S-0441,INV-2026-0222,sub-8-1,C-sub-8-1,,2026-09,2026-09-10,2026-10-10,open,subscription,new_term,1060800.00
INV-S-0442,INV-2026-0223,sub-8-2,C-sub-8-2,,2026-09,2026-09-11,2026-10-11,open,subscription,new_term,57650.00
INV-S-0443,INV-2026-0224,sub-20-0,C-sub-20-0,,2026-09,2026-09-13,2026-10-13,open,subscription,new_term,36400.00
INV-S-0444,INV-2026-0225,sub-20-1,C-sub-20-1,,2026-09,2026-09-14,2026-10-14,open,subscription,new_term,39400.00
INV-S-0445,INV-2026-0226,sub-20-2,C-sub-20-2,,2026-09,2026-09-15,2026-10-15,open,subscription,new_term,144000.00
INV-S-0446,INV-2026-0227,sub-20-3,C-sub-20-3,,2026-09,2026-09-16,2026-10-16,open,subscription,new_term,205750.00
INV-S-0447,INV-2026-0228,sub-32-0,C-sub-32-0,,2026-09,2026-09-02,2026-10-02,open,subscription,new_term,48900.00
INV-S-0448,INV-2026-0229,sub-32-1,C-sub-32-1,,2026-09,2026-09-03,2026-10-03,open,subscription,new_term,57650.00
INV-S-0449,INV-2026-0230,sub-32-2,C-sub-32-2,,2026-09,2026-09-04,2026-10-04,open,subscription,new_term,160350.00
INV-S-0450,INV-2026-0231,sub-32-3,C-sub-32-3,,2026-09,2026-09-05,2026-10-05,open,subscription,new_term,38250.00
INV-S-0451,INV-2026-0232,sub-32-4,C-sub-32-4,,2026-09,2026-09-06,2026-10-06,open,subscription,new_term,58600.00
INV-S-0452,INV-2026-0233,sub-8-2,C-sub-8-2,,2026-10,2026-10-11,2026-11-10,open,subscription,increment,13383.33
INV-S-0453,INV-2026-0234,sub-13-2,C-sub-13-2,,2026-10,2026-10-15,2026-11-14,open,subscription,increment,4400.00
INV-S-0454,INV-2026-0235,sub-14-2,C-sub-14-2,,2026-10,2026-10-24,2026-11-23,open,subscription,increment,7208.33
INV-S-0455,INV-2026-0236,sub-29-3,C-sub-29-3,,2026-10,2026-10-13,2026-11-12,open,subscription,increment,5466.67
INV-S-0456,INV-2026-0237,sub-30-1,C-sub-30-1,,2026-10,2026-10-13,2026-11-12,open,subscription,increment,51975.00
INV-S-0457,INV-2026-0238,sub-init-2,C-sub-init-2,,2026-10,2026-10-25,2026-11-24,open,subscription,new_term,64650.00
INV-S-0458,INV-2026-0239,sub-init-14,C-sub-init-14,,2026-10,2026-10-10,2026-11-09,open,subscription,new_term,102950.00
INV-S-0459,INV-2026-0240,sub-9-0,C-sub-9-0,,2026-10,2026-10-18,2026-11-17,open,subscription,new_term,262300.00
INV-S-0460,INV-2026-0241,sub-9-1,C-sub-9-1,,2026-10,2026-10-19,2026-11-18,open,subscription,new_term,210050.00
INV-S-0461,INV-2026-0242,sub-9-2,C-sub-9-2,,2026-10,2026-10-20,2026-11-19,open,subscription,new_term,87050.00
INV-S-0462,INV-2026-0243,sub-21-0,C-sub-21-0,,2026-10,2026-10-22,2026-11-21,open,subscription,new_term,237100.00
INV-S-0463,INV-2026-0244,sub-21-2,C-sub-21-2,,2026-10,2026-10-24,2026-11-23,open,subscription,new_term,62350.00
INV-S-0464,INV-2026-0245,sub-21-3,C-sub-21-3,,2026-10,2026-10-25,2026-11-24,open,subscription,new_term,69400.00
INV-S-0465,INV-2026-0246,sub-33-0,C-sub-33-0,,2026-10,2026-10-11,2026-11-10,open,subscription,new_term,217700.00
INV-S-0466,INV-2026-0247,sub-33-1,C-sub-33-1,,2026-10,2026-10-12,2026-11-11,open,subscription,new_term,259500.00
INV-S-0467,INV-2026-0248,sub-33-2,C-sub-33-2,,2026-10,2026-10-13,2026-11-12,open,subscription,new_term,230500.00
INV-S-0468,INV-2026-0249,sub-33-3,C-sub-33-3,,2026-10,2026-10-14,2026-11-13,open,subscription,new_term,202750.00
INV-S-0469,INV-2026-0250,sub-33-4,C-sub-33-4,,2026-10,2026-10-15,2026-11-14,open,subscription,new_term,44250.00
INV-S-0470,INV-2026-0251,sub-init-3,C-sub-init-3,,2026-11,2026-11-26,2026-12-26,paid,subscription,refund,-151708.33
INV-S-0471,INV-2026-0252,sub-19-0,C-sub-19-0,,2026-11,2026-11-11,2026-12-11,paid,subscription,refund,-510787.50
INV-S-0472,INV-2026-0253,sub-init-11,C-sub-init-11,,2026-11,2026-11-07,2026-12-07,open,subscription,increment,7716.67
INV-S-0473,INV-2026-0254,sub-init-14,C-sub-init-14,,2026-11,2026-11-10,2026-12-10,open,subscription,increment,18379.17
INV-S-0474,INV-2026-0255,sub-7-2,C-sub-7-2,,2026-11,2026-11-02,2026-12-02,open,subscription,increment,10087.50
INV-S-0475,INV-2026-0256,sub-17-3,C-sub-17-3,,2026-11,2026-11-24,2026-12-24,open,subscription,increment,25141.67
INV-S-0476,INV-2026-0257,sub-29-0,C-sub-29-0,,2026-11,2026-11-10,2026-12-10,open,subscription,increment,23858.33
INV-S-0477,INV-2026-0258,sub-init-1,C-sub-init-1,,2026-11,2026-11-24,2026-12-24,open,subscription,new_term,381050.00
INV-S-0478,INV-2026-0259,sub-init-13,C-sub-init-13,,2026-11,2026-11-09,2026-12-09,open,subscription,new_term,1055700.00
INV-S-0479,INV-2026-0260,sub-init-25,C-sub-init-25,,2026-11,2026-11-14,2026-12-14,open,subscription,new_term,779700.00
INV-S-0480,INV-2026-0261,sub-10-0,C-sub-10-0,,2026-11,2026-11-14,2026-12-14,open,subscription,new_term,81650.00
INV-S-0481,INV-2026-0262,sub-10-1,C-sub-10-1,,2026-11,2026-11-15,2026-12-15,open,subscription,new_term,1210450.00
INV-S-0482,INV-2026-0263,sub-10-2,C-sub-10-2,,2026-11,2026-11-16,2026-12-16,open,subscription,new_term,186150.00
INV-S-0483,INV-2026-0264,sub-22-0,C-sub-22-0,,2026-11,2026-11-03,2026-12-03,open,subscription,new_term,210500.00
INV-S-0484,INV-2026-0265,sub-22-1,C-sub-22-1,,2026-11,2026-11-04,2026-12-04,open,subscription,new_term,144750.00
INV-S-0485,INV-2026-0266,sub-22-2,C-sub-22-2,,2026-11,2026-11-05,2026-12-05,open,subscription,new_term,67500.00
INV-S-0486,INV-2026-0267,sub-22-3,C-sub-22-3,,2026-11,2026-11-06,2026-12-06,open,subscription,new_term,39500.00
INV-S-0487,INV-2026-0268,sub-34-0,C-sub-34-0,,2026-11,2026-11-20,2026-12-20,open,subscription,new_term,68400.00
INV-S-0488,INV-2026-0269,sub-34-1,C-sub-34-1,,2026-11,2026-11-21,2026-12-21,open,subscription,new_term,69100.00
INV-S-0489,INV-2026-0270,sub-34-2,C-sub-34-2,,2026-11,2026-11-22,2026-12-22,open,subscription,new_term,244500.00
INV-S-0490,INV-2026-0271,sub-34-3,C-sub-34-3,,2026-11,2026-11-23,2026-12-23,open,subscription,new_term,234050.00
INV-S-0491,INV-2026-0272,sub-34-4,C-sub-34-4,,2026-11,2026-11-24,2026-12-24,open,subscription,new_term,69950.00
INV-S-0492,INV-2026-0273,sub-1-1,C-sub-1-1,,2026-12,2026-12-03,2027-01-02,open,subscription,increment,3225.00
INV-S-0493,INV-2026-0274,sub-10-1,C-sub-10-1,,2026-12,2026-12-15,2027-01-14,open,subscription,increment,233108.33
INV-S-0494,INV-2026-0275,sub-14-0,C-sub-14-0,,2026-12,2026-12-22,2027-01-21,open,subscription,increment,12012.50
INV-S-0495,INV-2026-0276,sub-17-2,C-sub-17-2,,2026-12,2026-12-23,2027-01-22,open,subscription,increment,27475.00
INV-S-0496,INV-2026-0277,sub-22-1,C-sub-22-1,,2026-12,2026-12-04,2027-01-03,open,subscription,increment,18700.00
INV-S-0497,INV-2026-0278,sub-31-0,C-sub-31-0,,2026-12,2026-12-21,2027-01-20,open,subscription,increment,235066.67
INV-S-0498,INV-2026-0279,sub-34-2,C-sub-34-2,,2026-12,2026-12-22,2027-01-21,open,subscription,increment,44183.33
INV-S-0499,INV-2026-0280,sub-34-3,C-sub-34-3,,2026-12,2026-12-23,2027-01-22,open,subscription,increment,53487.50
INV-S-0500,INV-2026-0281,sub-init-0,C-sub-init-0,,2026-12,2026-12-23,2027-01-22,open,subscription,new_term,324100.00
INV-S-0501,INV-2026-0282,sub-init-12,C-sub-init-12,,2026-12,2026-12-08,2027-01-07,open,subscription,new_term,44900.00
INV-S-0502,INV-2026-0283,sub-init-24,C-sub-init-24,,2026-12,2026-12-13,2027-01-12,open,subscription,new_term,307050.00
INV-S-0503,INV-2026-0284,sub-11-0,C-sub-11-0,,2026-12,2026-12-23,2027-01-22,open,subscription,new_term,143250.00
INV-S-0504,INV-2026-0285,sub-11-1,C-sub-11-1,,2026-12,2026-12-24,2027-01-23,open,subscription,new_term,240400.00
INV-S-0505,INV-2026-0286,sub-11-2,C-sub-11-2,,2026-12,2026-12-25,2027-01-24,open,subscription,new_term,69000.00
INV-S-0506,INV-2026-0287,sub-23-0,C-sub-23-0,,2026-12,2026-12-12,2027-01-11,open,subscription,new_term,64750.00
INV-S-0507,INV-2026-0288,sub-23-1,C-sub-23-1,,2026-12,2026-12-13,2027-01-12,open,subscription,new_term,56050.00
INV-S-0508,INV-2026-0289,sub-23-3,C-sub-23-3,,2026-12,2026-12-15,2027-01-14,open,subscription,new_term,188600.00
INV-S-0509,INV-2026-0290,sub-35-0,C-sub-35-0,,2026-12,2026-12-01,2026-12-31,open,subscription,new_term,58050.00
INV-S-0510,INV-2026-0291,sub-35-1,C-sub-35-1,,2026-12,2026-12-02,2027-01-01,open,subscription,new_term,215450.00
INV-S-0511,INV-2026-0292,sub-35-2,C-sub-35-2,,2026-12,2026-12-03,2027-01-02,open,subscription,new_term,127650.00
INV-S-0512,INV-2026-0293,sub-35-3,C-sub-35-3,,2026-12,2026-12-04,2027-01-03,open,subscription,new_term,174100.00
INV-S-0513,INV-2026-0294,sub-35-4,C-sub-35-4,,2026-12,2026-12-05,2027-01-04,open,subscription,new_term,687700.00
INV-V-0514,INV-2024-0080,sub-0-0,,svc-sub-0-0,2024-02,2024-02-24,2024-03-25,paid,services,services_progress,34000.00
INV-V-0515,INV-2024-0081,sub-0-0,,svc-sub-0-0,2024-03,2024-03-24,2024-04-23,paid,services,services_progress,34000.00
INV-V-0516,INV-2024-0082,sub-0-0,,svc-sub-0-0,2024-04,2024-04-24,2024-05-24,paid,services,services_progress,34000.00
INV-V-0517,INV-2024-0083,sub-0-0,,svc-sub-0-0,2024-05,2024-05-24,2024-06-23,paid,services,services_progress,34000.00
INV-V-0518,INV-2024-0084,sub-0-1,,svc-sub-0-1,2024-02,2024-02-25,2024-03-26,paid,services,services_progress,8500.00
INV-V-0519,INV-2024-0085,sub-0-1,,svc-sub-0-1,2024-03,2024-03-25,2024-04-24,paid,services,services_progress,8500.00
INV-V-0520,INV-2024-0086,sub-2-1,,svc-sub-2-1,2024-04,2024-04-27,2024-05-27,paid,services,services_progress,39250.00
INV-V-0521,INV-2024-0087,sub-2-1,,svc-sub-2-1,2024-05,2024-05-27,2024-06-26,paid,services,services_progress,39250.00
INV-V-0522,INV-2024-0088,sub-2-1,,svc-sub-2-1,2024-06,2024-06-27,2024-07-27,paid,services,services_progress,39250.00
INV-V-0523,INV-2024-0089,sub-2-1,,svc-sub-2-1,2024-07,2024-07-27,2024-08-26,paid,services,services_progress,39250.00
INV-V-0524,INV-2024-0090,sub-3-0,,svc-sub-3-0,2024-05,2024-05-23,2024-06-22,paid,services,services_progress,41500.00
INV-V-0525,INV-2024-0091,sub-3-0,,svc-sub-3-0,2024-06,2024-06-23,2024-07-23,paid,services,services_progress,41500.00
INV-V-0526,INV-2024-0092,sub-3-0,,svc-sub-3-0,2024-07,2024-07-23,2024-08-22,paid,services,services_progress,41500.00
INV-V-0527,INV-2024-0093,sub-3-0,,svc-sub-3-0,2024-08,2024-08-23,2024-09-22,paid,services,services_progress,41500.00
INV-V-0528,INV-2024-0094,sub-4-0,,svc-sub-4-0,2024-06,2024-06-26,2024-07-26,paid,services,services_progress,9500.00
INV-V-0529,INV-2024-0095,sub-4-0,,svc-sub-4-0,2024-07,2024-07-26,2024-08-25,paid,services,services_progress,9500.00
INV-V-0530,INV-2024-0096,sub-4-1,,svc-sub-4-1,2024-06,2024-06-27,2024-07-27,paid,services,services_progress,22500.00
INV-V-0531,INV-2024-0097,sub-4-1,,svc-sub-4-1,2024-07,2024-07-27,2024-08-26,paid,services,services_progress,22500.00
INV-V-0532,INV-2024-0098,sub-4-1,,svc-sub-4-1,2024-08,2024-08-27,2024-09-26,paid,services,services_progress,22500.00
INV-V-0533,INV-2024-0099,sub-4-1,,svc-sub-4-1,2024-09,2024-09-27,2024-10-27,paid,services,services_progress,22500.00
INV-V-0534,INV-2024-0100,sub-4-2,,svc-sub-4-2,2024-06,2024-06-22,2024-07-22,paid,services,services_progress,7500.00
INV-V-0535,INV-2024-0101,sub-4-2,,svc-sub-4-2,2024-07,2024-07-22,2024-08-21,paid,services,services_progress,7500.00
INV-V-0536,INV-2024-0102,sub-5-1,,svc-sub-5-1,2024-07,2024-07-26,2024-08-25,paid,services,services_progress,8000.00
INV-V-0537,INV-2024-0103,sub-5-1,,svc-sub-5-1,2024-08,2024-08-26,2024-09-25,paid,services,services_progress,8000.00
INV-V-0538,INV-2024-0104,sub-5-2,,svc-sub-5-2,2024-07,2024-07-27,2024-08-26,paid,services,services_progress,6000.00
INV-V-0539,INV-2024-0105,sub-5-2,,svc-sub-5-2,2024-08,2024-08-27,2024-09-26,paid,services,services_progress,6000.00
INV-V-0540,INV-2024-0106,sub-6-0,,svc-sub-6-0,2024-08,2024-08-22,2024-09-21,paid,services,services_progress,5000.00
INV-V-0541,INV-2024-0107,sub-6-0,,svc-sub-6-0,2024-09,2024-09-22,2024-10-22,paid,services,services_progress,5000.00
INV-V-0542,INV-2024-0108,sub-6-1,,svc-sub-6-1,2024-08,2024-08-23,2024-09-22,paid,services,services_progress,26000.00
INV-V-0543,INV-2024-0109,sub-6-1,,svc-sub-6-1,2024-09,2024-09-23,2024-10-23,paid,services,services_progress,26000.00
INV-V-0544,INV-2024-0110,sub-6-1,,svc-sub-6-1,2024-10,2024-10-23,2024-11-22,paid,services,services_progress,26000.00
INV-V-0545,INV-2024-0111,sub-6-1,,svc-sub-6-1,2024-11,2024-11-23,2024-12-23,paid,services,services_progress,26000.00
INV-V-0546,INV-2024-0112,sub-7-1,,svc-sub-7-1,2024-09,2024-09-26,2024-10-26,paid,services,services_progress,6500.00
INV-V-0547,INV-2024-0113,sub-7-1,,svc-sub-7-1,2024-10,2024-10-26,2024-11-25,paid,services,services_progress,6500.00
INV-V-0548,INV-2024-0114,sub-7-2,,svc-sub-7-2,2024-09,2024-09-27,2024-10-27,paid,services,services_progress,7000.00
INV-V-0549,INV-2024-0115,sub-7-2,,svc-sub-7-2,2024-10,2024-10-27,2024-11-26,paid,services,services_progress,7000.00
INV-V-0550,INV-2024-0116,sub-8-0,,svc-sub-8-0,2024-10,2024-10-24,2024-11-23,paid,services,services_progress,5000.00
INV-V-0551,INV-2024-0117,sub-8-0,,svc-sub-8-0,2024-11,2024-11-24,2024-12-24,paid,services,services_progress,5000.00
INV-V-0552,INV-2024-0118,sub-8-1,,svc-sub-8-1,2024-10,2024-10-25,2024-11-24,paid,services,services_progress,61500.00
INV-V-0553,INV-2024-0119,sub-8-1,,svc-sub-8-1,2024-11,2024-11-25,2024-12-25,paid,services,services_progress,61500.00
INV-V-0554,INV-2024-0120,sub-8-1,,svc-sub-8-1,2024-12,2024-12-25,2025-01-24,paid,services,services_progress,50950.33
INV-V-0555,INV-2025-0142,sub-8-1,,svc-sub-8-1,2025-01,2025-01-25,2025-02-24,paid,services,services_progress,39542.92
INV-V-0556,INV-2025-0143,sub-8-1,,svc-sub-8-1,2025-02,2025-02-25,2025-03-27,paid,services,services_progress,40036.81
INV-V-0557,INV-2025-0144,sub-8-1,,svc-sub-8-1,2025-03,2025-03-25,2025-04-24,paid,services,services_progress,40102.73
INV-V-0558,INV-2025-0145,sub-8-1,,svc-sub-8-1,2025-04,2025-04-25,2025-05-25,paid,services,services_progress,45883.51
INV-V-0559,INV-2025-0146,sub-8-1,,svc-sub-8-1,2025-05,2025-05-25,2025-06-24,paid,services,services_progress,24531.88
INV-V-0560,INV-2025-0147,sub-8-1,,svc-sub-8-1,2025-06,2025-06-25,2025-07-25,paid,services,services_progress,4951.81
INV-V-0561,INV-2024-0121,sub-9-0,,svc-sub-9-0,2024-11,2024-11-27,2024-12-27,paid,services,services_progress,29250.00
INV-V-0562,INV-2024-0122,sub-9-0,,svc-sub-9-0,2024-12,2024-12-27,2025-01-26,paid,services,services_progress,24232.48
INV-V-0563,INV-2025-0148,sub-9-0,,svc-sub-9-0,2025-01,2025-01-27,2025-02-26,paid,services,services_progress,18807.00
INV-V-0564,INV-2025-0149,sub-9-0,,svc-sub-9-0,2025-02,2025-02-27,2025-03-29,paid,services,services_progress,19041.90
INV-V-0565,INV-2025-0150,sub-9-0,,svc-sub-9-0,2025-03,2025-03-27,2025-04-26,paid,services,services_progress,16737.92
INV-V-0566,INV-2025-0151,sub-9-0,,svc-sub-9-0,2025-04,2025-04-27,2025-05-27,paid,services,services_progress,6662.96
INV-V-0567,INV-2025-0152,sub-9-0,,svc-sub-9-0,2025-05,2025-05-27,2025-06-26,paid,services,services_progress,2267.75
INV-V-0568,INV-2024-0123,sub-9-1,,svc-sub-9-1,2024-11,2024-11-22,2024-12-22,paid,services,services_progress,33750.00
INV-V-0569,INV-2024-0124,sub-9-1,,svc-sub-9-1,2024-12,2024-12-22,2025-01-21,paid,services,services_progress,27960.55
INV-V-0570,INV-2025-0153,sub-9-1,,svc-sub-9-1,2025-01,2025-01-22,2025-02-21,paid,services,services_progress,21700.38
INV-V-0571,INV-2025-0154,sub-9-1,,svc-sub-9-1,2025-02,2025-02-22,2025-03-24,paid,services,services_progress,21971.42
INV-V-0572,INV-2025-0155,sub-9-1,,svc-sub-9-1,2025-03,2025-03-22,2025-04-21,paid,services,services_progress,19312.98
INV-V-0573,INV-2025-0156,sub-9-1,,svc-sub-9-1,2025-04,2025-04-22,2025-05-22,paid,services,services_progress,7688.03
INV-V-0574,INV-2025-0157,sub-9-1,,svc-sub-9-1,2025-05,2025-05-22,2025-06-21,paid,services,services_progress,2616.63
INV-V-0575,INV-2024-0125,sub-10-1,,svc-sub-10-1,2024-12,2024-12-26,2025-01-25,paid,services,services_progress,70281.08
INV-V-0576,INV-2025-0158,sub-10-1,,svc-sub-10-1,2025-01,2025-01-26,2025-02-25,paid,services,services_progress,54545.65
INV-V-0577,INV-2025-0159,sub-10-1,,svc-sub-10-1,2025-02,2025-02-26,2025-03-28,paid,services,services_progress,55226.93
INV-V-0578,INV-2025-0160,sub-10-1,,svc-sub-10-1,2025-03,2025-03-26,2025-04-25,paid,services,services_progress,55317.86
INV-V-0579,INV-2025-0161,sub-10-1,,svc-sub-10-1,2025-04,2025-04-26,2025-05-26,paid,services,services_progress,63291.88
INV-V-0580,INV-2025-0162,sub-10-1,,svc-sub-10-1,2025-05,2025-05-26,2025-06-25,paid,services,services_progress,70585.50
INV-V-0581,INV-2025-0163,sub-10-1,,svc-sub-10-1,2025-06,2025-06-26,2025-07-26,paid,services,services_progress,78152.16
INV-V-0582,INV-2025-0164,sub-10-1,,svc-sub-10-1,2025-07,2025-07-26,2025-08-25,paid,services,services_progress,61598.93
INV-V-0583,INV-2024-0126,sub-10-2,,svc-sub-10-2,2024-12,2024-12-27,2025-01-26,paid,services,services_progress,22575.55
INV-V-0584,INV-2025-0165,sub-10-2,,svc-sub-10-2,2025-01,2025-01-27,2025-02-26,paid,services,services_progress,17521.05
INV-V-0585,INV-2025-0166,sub-10-2,,svc-sub-10-2,2025-02,2025-02-27,2025-03-29,paid,services,services_progress,17739.89
INV-V-0586,INV-2025-0167,sub-10-2,,svc-sub-10-2,2025-03,2025-03-27,2025-04-26,paid,services,services_progress,17769.10
INV-V-0587,INV-2025-0168,sub-10-2,,svc-sub-10-2,2025-04,2025-04-27,2025-05-27,paid,services,services_progress,20330.50
INV-V-0588,INV-2025-0169,sub-10-2,,svc-sub-10-2,2025-05,2025-05-27,2025-06-26,paid,services,services_progress,10869.82
INV-V-0589,INV-2025-0170,sub-10-2,,svc-sub-10-2,2025-06,2025-06-27,2025-07-27,paid,services,services_progress,2194.10
INV-V-0590,INV-2025-0171,sub-11-0,,svc-sub-11-0,2025-01,2025-01-24,2025-02-23,paid,services,services_progress,13823.95
INV-V-0591,INV-2025-0172,sub-11-0,,svc-sub-11-0,2025-02,2025-02-24,2025-03-26,paid,services,services_progress,13996.61
INV-V-0592,INV-2025-0173,sub-11-0,,svc-sub-11-0,2025-03,2025-03-24,2025-04-23,paid,services,services_progress,14019.65
INV-V-0593,INV-2025-0174,sub-11-0,,svc-sub-11-0,2025-04,2025-04-24,2025-05-24,paid,services,services_progress,16040.58
INV-V-0594,INV-2025-0175,sub-11-0,,svc-sub-11-0,2025-05,2025-05-24,2025-06-23,paid,services,services_progress,17889.06
INV-V-0595,INV-2025-0176,sub-11-0,,svc-sub-11-0,2025-06,2025-06-24,2025-07-24,paid,services,services_progress,9424.47
INV-V-0596,INV-2025-0177,sub-11-0,,svc-sub-11-0,2025-07,2025-07-24,2025-08-23,paid,services,services_progress,805.69
INV-V-0597,INV-2025-0178,sub-11-1,,svc-sub-11-1,2025-01,2025-01-25,2025-02-24,paid,services,services_progress,24915.25
INV-V-0598,INV-2025-0179,sub-11-1,,svc-sub-11-1,2025-02,2025-02-25,2025-03-27,paid,services,services_progress,25226.45
INV-V-0599,INV-2025-0180,sub-11-1,,svc-sub-11-1,2025-03,2025-03-25,2025-04-24,paid,services,services_progress,25267.98
INV-V-0600,INV-2025-0181,sub-11-1,,svc-sub-11-1,2025-04,2025-04-25,2025-05-25,paid,services,services_progress,28910.34
INV-V-0601,INV-2025-0182,sub-11-1,,svc-sub-11-1,2025-05,2025-05-25,2025-06-24,paid,services,services_progress,32241.90
INV-V-0602,INV-2025-0183,sub-11-1,,svc-sub-11-1,2025-06,2025-06-25,2025-07-25,paid,services,services_progress,16985.96
INV-V-0603,INV-2025-0184,sub-11-1,,svc-sub-11-1,2025-07,2025-07-25,2025-08-24,paid,services,services_progress,1452.12
INV-V-0604,INV-2025-0185,sub-11-2,,svc-sub-11-2,2025-01,2025-01-26,2025-02-25,paid,services,services_progress,5143.79
INV-V-0605,INV-2025-0186,sub-11-2,,svc-sub-11-2,2025-02,2025-02-26,2025-03-28,paid,services,services_progress,5208.04
INV-V-0606,INV-2025-0187,sub-11-2,,svc-sub-11-2,2025-03,2025-03-26,2025-04-25,paid,services,services_progress,3683.04
INV-V-0607,INV-2025-0188,sub-11-2,,svc-sub-11-2,2025-04,2025-04-26,2025-05-26,paid,services,services_progress,1466.13
INV-V-0608,INV-2025-0189,sub-11-2,,svc-sub-11-2,2025-05,2025-05-26,2025-06-25,paid,services,services_progress,415.19
INV-V-0609,INV-2025-0190,sub-11-2,,svc-sub-11-2,2025-06,2025-06-26,2025-07-26,paid,services,services_progress,83.81
INV-V-0610,INV-2025-0191,sub-12-0,,svc-sub-12-0,2025-02,2025-02-27,2025-03-29,paid,services,services_progress,22296.92
INV-V-0611,INV-2025-0192,sub-12-0,,svc-sub-12-0,2025-03,2025-03-27,2025-04-26,paid,services,services_progress,22333.63
INV-V-0612,INV-2025-0193,sub-12-0,,svc-sub-12-0,2025-04,2025-04-27,2025-05-27,paid,services,services_progress,25553.01
INV-V-0613,INV-2025-0194,sub-12-0,,svc-sub-12-0,2025-05,2025-05-27,2025-06-26,paid,services,services_progress,28497.68
INV-V-0614,INV-2025-0195,sub-12-0,,svc-sub-12-0,2025-06,2025-06-27,2025-07-27,paid,services,services_progress,31552.59
INV-V-0615,INV-2025-0196,sub-12-0,,svc-sub-12-0,2025-07,2025-07-27,2025-08-26,paid,services,services_progress,6766.16
INV-V-0616,INV-2025-0197,sub-12-2,,svc-sub-12-2,2025-02,2025-02-23,2025-03-25,paid,services,services_progress,3255.03
INV-V-0617,INV-2025-0198,sub-12-2,,svc-sub-12-2,2025-03,2025-03-23,2025-04-22,paid,services,services_progress,3260.38
INV-V-0618,INV-2025-0199,sub-12-2,,svc-sub-12-2,2025-04,2025-04-23,2025-05-23,paid,services,services_progress,2599.76
INV-V-0619,INV-2025-0200,sub-12-2,,svc-sub-12-2,2025-05,2025-05-23,2025-06-22,paid,services,services_progress,736.22
INV-V-0620,INV-2025-0201,sub-12-2,,svc-sub-12-2,2025-06,2025-06-23,2025-07-23,paid,services,services_progress,148.61
INV-V-0621,INV-2025-0202,sub-13-1,,svc-sub-13-1,2025-03,2025-03-25,2025-04-24,paid,services,services_progress,6194.73
INV-V-0622,INV-2025-0203,sub-13-1,,svc-sub-13-1,2025-04,2025-04-25,2025-05-25,paid,services,services_progress,7087.70
INV-V-0623,INV-2025-0204,sub-13-1,,svc-sub-13-1,2025-05,2025-05-25,2025-06-24,paid,services,services_progress,4757.30
INV-V-0624,INV-2025-0205,sub-13-1,,svc-sub-13-1,2025-06,2025-06-25,2025-07-25,paid,services,services_progress,960.27
INV-V-0625,INV-2025-0206,sub-14-0,,svc-sub-14-0,2025-04,2025-04-23,2025-05-23,paid,services,services_progress,21263.09
INV-V-0626,INV-2025-0207,sub-14-0,,svc-sub-14-0,2025-05,2025-05-23,2025-06-22,paid,services,services_progress,23713.40
INV-V-0627,INV-2025-0208,sub-14-0,,svc-sub-14-0,2025-06,2025-06-23,2025-07-23,paid,services,services_progress,26255.44
INV-V-0628,INV-2025-0209,sub-14-0,,svc-sub-14-0,2025-07,2025-07-23,2025-08-22,paid,services,services_progress,28500.00
INV-V-0629,INV-2025-0210,sub-14-0,,svc-sub-14-0,2025-08,2025-08-23,2025-09-22,paid,services,services_progress,14268.07
INV-V-0630,INV-2025-0211,sub-14-1,,svc-sub-14-1,2025-04,2025-04-24,2025-05-24,paid,services,services_progress,5222.51
INV-V-0631,INV-2025-0212,sub-14-1,,svc-sub-14-1,2025-05,2025-05-24,2025-06-23,paid,services,services_progress,5824.34
INV-V-0632,INV-2025-0213,sub-14-1,,svc-sub-14-1,2025-06,2025-06-24,2025-07-24,paid,services,services_progress,2720.56
INV-V-0633,INV-2025-0214,sub-14-1,,svc-sub-14-1,2025-07,2025-07-24,2025-08-23,paid,services,services_progress,232.58
INV-V-0634,INV-2025-0215,sub-15-2,,svc-sub-15-2,2025-05,2025-05-22,2025-06-21,paid,services,services_progress,4160.25
INV-V-0635,INV-2025-0216,sub-15-2,,svc-sub-15-2,2025-06,2025-06-22,2025-07-22,paid,services,services_progress,4606.22
INV-V-0636,INV-2025-0217,sub-15-2,,svc-sub-15-2,2025-07,2025-07-22,2025-08-21,paid,services,services_progress,1233.54
INV-V-0637,INV-2025-0218,sub-15-3,,svc-sub-15-3,2025-05,2025-05-23,2025-06-22,paid,services,services_progress,23713.40
INV-V-0638,INV-2025-0219,sub-15-3,,svc-sub-15-3,2025-06,2025-06-23,2025-07-23,paid,services,services_progress,26255.44
INV-V-0639,INV-2025-0220,sub-15-3,,svc-sub-15-3,2025-07,2025-07-23,2025-08-22,paid,services,services_progress,28500.00
INV-V-0640,INV-2025-0221,sub-15-3,,svc-sub-15-3,2025-08,2025-08-23,2025-09-22,paid,services,services_progress,28500.00
INV-V-0641,INV-2025-0222,sub-15-3,,svc-sub-15-3,2025-09,2025-09-23,2025-10-23,paid,services,services_progress,7031.16
INV-V-0642,INV-2025-0223,sub-16-0,,svc-sub-16-0,2025-06,2025-06-23,2025-07-23,paid,services,services_progress,40074.09
INV-V-0643,INV-2025-0224,sub-16-0,,svc-sub-16-0,2025-07,2025-07-23,2025-08-22,paid,services,services_progress,43500.00
INV-V-0644,INV-2025-0225,sub-16-0,,svc-sub-16-0,2025-08,2025-08-23,2025-09-22,paid,services,services_progress,43500.00
INV-V-0645,INV-2025-0226,sub-16-0,,svc-sub-16-0,2025-09,2025-09-23,2025-10-23,paid,services,services_progress,43500.00
INV-V-0646,INV-2025-0227,sub-16-0,,svc-sub-16-0,2025-10,2025-10-23,2025-11-22,paid,services,services_progress,3425.91
INV-V-0647,INV-2025-0228,sub-16-3,,svc-sub-16-3,2025-06,2025-06-26,2025-07-26,paid,services,services_progress,8291.19
INV-V-0648,INV-2025-0229,sub-16-3,,svc-sub-16-3,2025-07,2025-07-26,2025-08-25,paid,services,services_progress,9000.00
INV-V-0649,INV-2025-0230,sub-16-3,,svc-sub-16-3,2025-08,2025-08-26,2025-09-25,paid,services,services_progress,708.81
INV-V-0650,INV-2025-0231,sub-17-0,,svc-sub-17-0,2025-07,2025-07-26,2025-08-25,paid,services,services_progress,6500.00
INV-V-0651,INV-2025-0232,sub-17-0,,svc-sub-17-0,2025-08,2025-08-26,2025-09-25,paid,services,services_progress,6500.00
INV-V-0652,INV-2025-0233,sub-17-2,,svc-sub-17-2,2025-07,2025-07-24,2025-08-23,paid,services,services_progress,44750.00
INV-V-0653,INV-2025-0234,sub-17-2,,svc-sub-17-2,2025-08,2025-08-24,2025-09-23,paid,services,services_progress,44750.00
INV-V-0654,INV-2025-0235,sub-17-2,,svc-sub-17-2,2025-09,2025-09-24,2025-10-24,paid,services,services_progress,44750.00
INV-V-0655,INV-2025-0236,sub-17-2,,svc-sub-17-2,2025-10,2025-10-24,2025-11-23,paid,services,services_progress,44750.00
INV-V-0656,INV-2025-0237,sub-17-3,,svc-sub-17-3,2025-07,2025-07-25,2025-08-24,paid,services,services_progress,35750.00
INV-V-0657,INV-2025-0238,sub-17-3,,svc-sub-17-3,2025-08,2025-08-25,2025-09-24,paid,services,services_progress,35750.00
INV-V-0658,INV-2025-0239,sub-17-3,,svc-sub-17-3,2025-09,2025-09-25,2025-10-25,paid,services,services_progress,35750.00
INV-V-0659,INV-2025-0240,sub-17-3,,svc-sub-17-3,2025-10,2025-10-25,2025-11-24,paid,services,services_progress,35750.00
INV-V-0660,INV-2025-0241,sub-18-1,,svc-sub-18-1,2025-08,2025-08-26,2025-09-25,paid,services,services_progress,7000.00
INV-V-0661,INV-2025-0242,sub-18-1,,svc-sub-18-1,2025-09,2025-09-26,2025-10-26,paid,services,services_progress,7000.00
INV-V-0662,INV-2025-0243,sub-18-3,,svc-sub-18-3,2025-08,2025-08-22,2025-09-21,paid,services,services_progress,8500.00
INV-V-0663,INV-2025-0244,sub-18-3,,svc-sub-18-3,2025-09,2025-09-22,2025-10-22,paid,services,services_progress,8500.00
INV-V-0664,INV-2025-0245,sub-19-0,,svc-sub-19-0,2025-09,2025-09-22,2025-10-22,paid,services,services_progress,47666.67
INV-V-0665,INV-2025-0246,sub-19-0,,svc-sub-19-0,2025-10,2025-10-22,2025-11-21,paid,services,services_progress,47666.67
INV-V-0666,INV-2025-0247,sub-19-0,,svc-sub-19-0,2025-11,2025-11-22,2025-12-22,paid,services,services_progress,47666.67
INV-V-0667,INV-2025-0248,sub-19-0,,svc-sub-19-0,2025-12,2025-12-22,2026-01-21,paid,services,services_progress,45179.13
INV-V-0668,INV-2026-0295,sub-19-0,,svc-sub-19-0,2026-01,2026-01-22,2026-02-21,paid,services,services_progress,47666.67
INV-V-0669,INV-2026-0296,sub-19-0,,svc-sub-19-0,2026-02,2026-02-22,2026-03-24,paid,services,services_progress,47666.67
INV-V-0670,INV-2026-0297,sub-19-0,,svc-sub-19-0,2026-03,2026-03-22,2026-04-21,paid,services,services_progress,2487.54
INV-V-0671,INV-2025-0249,sub-19-1,,svc-sub-19-1,2025-09,2025-09-23,2025-10-23,paid,services,services_progress,35500.00
INV-V-0672,INV-2025-0250,sub-19-1,,svc-sub-19-1,2025-10,2025-10-23,2025-11-22,paid,services,services_progress,35500.00
INV-V-0673,INV-2025-0251,sub-19-1,,svc-sub-19-1,2025-11,2025-11-23,2025-12-23,paid,services,services_progress,35500.00
INV-V-0674,INV-2025-0252,sub-19-1,,svc-sub-19-1,2025-12,2025-12-23,2026-01-22,paid,services,services_progress,33647.39
INV-V-0675,INV-2026-0298,sub-19-1,,svc-sub-19-1,2026-01,2026-01-23,2026-02-22,paid,services,services_progress,1852.61
INV-V-0676,INV-2025-0253,sub-19-2,,svc-sub-19-2,2025-09,2025-09-24,2025-10-24,paid,services,services_progress,40500.00
INV-V-0677,INV-2025-0254,sub-19-2,,svc-sub-19-2,2025-10,2025-10-24,2025-11-23,paid,services,services_progress,40500.00
INV-V-0678,INV-2025-0255,sub-19-2,,svc-sub-19-2,2025-11,2025-11-24,2025-12-24,paid,services,services_progress,40500.00
INV-V-0679,INV-2025-0256,sub-19-2,,svc-sub-19-2,2025-12,2025-12-24,2026-01-23,paid,services,services_progress,38386.46
INV-V-0680,INV-2026-0299,sub-19-2,,svc-sub-19-2,2026-01,2026-01-24,2026-02-23,paid,services,services_progress,2113.54
INV-V-0681,INV-2025-0257,sub-19-3,,svc-sub-19-3,2025-09,2025-09-25,2025-10-25,paid,services,services_progress,7000.00
INV-V-0682,INV-2025-0258,sub-19-3,,svc-sub-19-3,2025-10,2025-10-25,2025-11-24,paid,services,services_progress,7000.00
INV-V-0683,INV-2025-0259,sub-20-0,,svc-sub-20-0,2025-10,2025-10-24,2025-11-23,paid,services,services_progress,5000.00
INV-V-0684,INV-2025-0260,sub-20-0,,svc-sub-20-0,2025-11,2025-11-24,2025-12-24,paid,services,services_progress,5000.00
INV-V-0685,INV-2025-0261,sub-20-2,,svc-sub-20-2,2025-10,2025-10-26,2025-11-25,paid,services,services_progress,26000.00
INV-V-0686,INV-2025-0262,sub-20-2,,svc-sub-20-2,2025-11,2025-11-26,2025-12-26,paid,services,services_progress,26000.00
INV-V-0687,INV-2025-0263,sub-20-2,,svc-sub-20-2,2025-12,2025-12-26,2026-01-25,paid,services,services_progress,24643.16
INV-V-0688,INV-2026-0300,sub-20-2,,svc-sub-20-2,2026-01,2026-01-26,2026-02-25,paid,services,services_progress,26000.00
INV-V-0689,INV-2026-0301,sub-20-2,,svc-sub-20-2,2026-02,2026-02-26,2026-03-28,paid,services,services_progress,1356.84
INV-V-0690,INV-2025-0264,sub-20-3,,svc-sub-20-3,2025-10,2025-10-27,2025-11-26,paid,services,services_progress,33250.00
INV-V-0691,INV-2025-0265,sub-20-3,,svc-sub-20-3,2025-11,2025-11-27,2025-12-27,paid,services,services_progress,33250.00
INV-V-0692,INV-2025-0266,sub-20-3,,svc-sub-20-3,2025-12,2025-12-27,2026-01-26,paid,services,services_progress,31514.81
INV-V-0693,INV-2026-0302,sub-20-3,,svc-sub-20-3,2026-01,2026-01-27,2026-02-26,paid,services,services_progress,33250.00
INV-V-0694,INV-2026-0303,sub-20-3,,svc-sub-20-3,2026-02,2026-02-27,2026-03-29,paid,services,services_progress,1735.19
INV-V-0695,INV-2025-0267,sub-21-0,,svc-sub-21-0,2025-11,2025-11-23,2025-12-23,paid,services,services_progress,38250.00
INV-V-0696,INV-2025-0268,sub-21-0,,svc-sub-21-0,2025-12,2025-12-23,2026-01-22,paid,services,services_progress,36253.88
INV-V-0697,INV-2026-0304,sub-21-0,,svc-sub-21-0,2026-01,2026-01-23,2026-02-22,paid,services,services_progress,38250.00
INV-V-0698,INV-2026-0305,sub-21-0,,svc-sub-21-0,2026-02,2026-02-23,2026-03-25,paid,services,services_progress,38250.00
INV-V-0699,INV-2026-0306,sub-21-0,,svc-sub-21-0,2026-03,2026-03-23,2026-04-22,paid,services,services_progress,1996.12
INV-V-0700,INV-2025-0269,sub-21-2,,svc-sub-21-2,2025-11,2025-11-25,2025-12-25,paid,services,services_progress,8000.00
INV-V-0701,INV-2025-0270,sub-21-2,,svc-sub-21-2,2025-12,2025-12-25,2026-01-24,paid,services,services_progress,7582.51
INV-V-0702,INV-2026-0307,sub-21-2,,svc-sub-21-2,2026-01,2026-01-25,2026-02-24,paid,services,services_progress,417.49
INV-V-0703,INV-2025-0271,sub-22-0,,svc-sub-22-0,2025-12,2025-12-26,2026-01-25,paid,services,services_progress,32225.67
INV-V-0704,INV-2026-0308,sub-22-0,,svc-sub-22-0,2026-01,2026-01-26,2026-02-25,paid,services,services_progress,34000.00
INV-V-0705,INV-2026-0309,sub-22-0,,svc-sub-22-0,2026-02,2026-02-26,2026-03-28,paid,services,services_progress,34000.00
INV-V-0706,INV-2026-0310,sub-22-0,,svc-sub-22-0,2026-03,2026-03-26,2026-04-25,paid,services,services_progress,34000.00
INV-V-0707,INV-2026-0311,sub-22-0,,svc-sub-22-0,2026-04,2026-04-26,2026-05-26,open,services,services_progress,1774.33
INV-V-0708,INV-2025-0272,sub-22-1,,svc-sub-22-1,2025-12,2025-12-27,2026-01-26,paid,services,services_progress,22036.67
INV-V-0709,INV-2026-0312,sub-22-1,,svc-sub-22-1,2026-01,2026-01-27,2026-02-26,paid,services,services_progress,23250.00
INV-V-0710,INV-2026-0313,sub-22-1,,svc-sub-22-1,2026-02,2026-02-27,2026-03-29,paid,services,services_progress,23250.00
INV-V-0711,INV-2026-0314,sub-22-1,,svc-sub-22-1,2026-03,2026-03-27,2026-04-26,paid,services,services_progress,23250.00
INV-V-0712,INV-2026-0315,sub-22-1,,svc-sub-22-1,2026-04,2026-04-27,2026-05-27,open,services,services_progress,1213.33
INV-V-0713,INV-2025-0273,sub-22-2,,svc-sub-22-2,2025-12,2025-12-22,2026-01-21,paid,services,services_progress,8530.32
INV-V-0714,INV-2026-0316,sub-22-2,,svc-sub-22-2,2026-01,2026-01-22,2026-02-21,paid,services,services_progress,9000.00
INV-V-0715,INV-2026-0317,sub-22-2,,svc-sub-22-2,2026-02,2026-02-22,2026-03-24,paid,services,services_progress,469.68
INV-V-0716,INV-2026-0318,sub-23-0,,svc-sub-23-0,2026-01,2026-01-23,2026-02-22,paid,services,services_progress,8500.00
INV-V-0717,INV-2026-0319,sub-23-0,,svc-sub-23-0,2026-02,2026-02-23,2026-03-25,paid,services,services_progress,8500.00
INV-V-0718,INV-2026-0320,sub-23-3,,svc-sub-23-3,2026-01,2026-01-26,2026-02-25,paid,services,services_progress,30500.00
INV-V-0719,INV-2026-0321,sub-23-3,,svc-sub-23-3,2026-02,2026-02-26,2026-03-28,paid,services,services_progress,30500.00
INV-V-0720,INV-2026-0322,sub-23-3,,svc-sub-23-3,2026-03,2026-03-26,2026-04-25,paid,services,services_progress,30500.00
INV-V-0721,INV-2026-0323,sub-23-3,,svc-sub-23-3,2026-04,2026-04-26,2026-05-26,open,services,services_progress,30500.00
INV-V-0722,INV-2026-0324,sub-24-0,,svc-sub-24-0,2026-02,2026-02-26,2026-03-28,paid,services,services_progress,22750.00
INV-V-0723,INV-2026-0325,sub-24-0,,svc-sub-24-0,2026-03,2026-03-26,2026-04-25,paid,services,services_progress,22750.00
INV-V-0724,INV-2026-0326,sub-24-0,,svc-sub-24-0,2026-04,2026-04-26,2026-05-26,open,services,services_progress,22750.00
INV-V-0725,INV-2026-0327,sub-24-0,,svc-sub-24-0,2026-05,2026-05-26,2026-06-25,open,services,services_progress,22750.00
INV-V-0726,INV-2026-0328,sub-24-1,,svc-sub-24-1,2026-02,2026-02-23,2026-03-25,paid,services,services_progress,51500.00
INV-V-0727,INV-2026-0329,sub-24-1,,svc-sub-24-1,2026-03,2026-03-23,2026-04-22,paid,services,services_progress,51500.00
INV-V-0728,INV-2026-0330,sub-24-1,,svc-sub-24-1,2026-04,2026-04-23,2026-05-23,open,services,services_progress,51500.00
INV-V-0729,INV-2026-0331,sub-24-1,,svc-sub-24-1,2026-05,2026-05-23,2026-06-22,open,services,services_progress,51500.00
INV-V-0730,INV-2026-0332,sub-24-1,,svc-sub-24-1,2026-06,2026-06-23,2026-07-23,open,services,services_progress,51500.00
INV-V-0731,INV-2026-0333,sub-24-1,,svc-sub-24-1,2026-07,2026-07-23,2026-08-22,open,services,services_progress,51500.00
INV-V-0732,INV-2026-0334,sub-25-0,,svc-sub-25-0,2026-03,2026-03-25,2026-04-24,paid,services,services_progress,21750.00
INV-V-0733,INV-2026-0335,sub-25-0,,svc-sub-25-0,2026-04,2026-04-25,2026-05-25,open,services,services_progress,21750.00
INV-V-0734,INV-2026-0336,sub-25-0,,svc-sub-25-0,2026-05,2026-05-25,2026-06-24,open,services,services_progress,21750.00
INV-V-0735,INV-2026-0337,sub-25-0,,svc-sub-25-0,2026-06,2026-06-25,2026-07-25,open,services,services_progress,21750.00
INV-V-0736,INV-2026-0338,sub-25-1,,svc-sub-25-1,2026-03,2026-03-26,2026-04-25,paid,services,services_progress,7500.00
INV-V-0737,INV-2026-0339,sub-25-1,,svc-sub-25-1,2026-04,2026-04-26,2026-05-26,open,services,services_progress,7500.00
INV-V-0738,INV-2026-0340,sub-25-2,,svc-sub-25-2,2026-03,2026-03-27,2026-04-26,paid,services,services_progress,9000.00
INV-V-0739,INV-2026-0341,sub-25-2,,svc-sub-25-2,2026-04,2026-04-27,2026-05-27,open,services,services_progress,9000.00
INV-V-0740,INV-2026-0342,sub-26-0,,svc-sub-26-0,2026-04,2026-04-22,2026-05-22,open,services,services_progress,37250.00
INV-V-0741,INV-2026-0343,sub-26-0,,svc-sub-26-0,2026-05,2026-05-22,2026-06-21,open,services,services_progress,37250.00
INV-V-0742,INV-2026-0344,sub-26-0,,svc-sub-26-0,2026-06,2026-06-22,2026-07-22,open,services,services_progress,37250.00
INV-V-0743,INV-2026-0345,sub-26-0,,svc-sub-26-0,2026-07,2026-07-22,2026-08-21,open,services,services_progress,37250.00
INV-V-0744,INV-2026-0346,sub-26-1,,svc-sub-26-1,2026-04,2026-04-23,2026-05-23,open,services,services_progress,45000.00
INV-V-0745,INV-2026-0347,sub-26-1,,svc-sub-26-1,2026-05,2026-05-23,2026-06-22,open,services,services_progress,45000.00
INV-V-0746,INV-2026-0348,sub-26-1,,svc-sub-26-1,2026-06,2026-06-23,2026-07-23,open,services,services_progress,45000.00
INV-V-0747,INV-2026-0349,sub-26-1,,svc-sub-26-1,2026-07,2026-07-23,2026-08-22,open,services,services_progress,45000.00
INV-V-0748,INV-2026-0350,sub-27-0,,svc-sub-27-0,2026-05,2026-05-25,2026-06-24,open,services,services_progress,9500.00
INV-V-0749,INV-2026-0351,sub-27-0,,svc-sub-27-0,2026-06,2026-06-25,2026-07-25,open,services,services_progress,9500.00
INV-V-0750,INV-2026-0352,sub-27-1,,svc-sub-27-1,2026-05,2026-05-26,2026-06-25,open,services,services_progress,10000.00
INV-V-0751,INV-2026-0353,sub-27-1,,svc-sub-27-1,2026-06,2026-06-26,2026-07-26,open,services,services_progress,10000.00
INV-V-0752,INV-2026-0354,sub-27-2,,svc-sub-27-2,2026-05,2026-05-23,2026-06-22,open,services,services_progress,9500.00
INV-V-0753,INV-2026-0355,sub-27-2,,svc-sub-27-2,2026-06,2026-06-23,2026-07-23,open,services,services_progress,9500.00
INV-V-0754,INV-2026-0356,sub-27-3,,svc-sub-27-3,2026-05,2026-05-24,2026-06-23,open,services,services_progress,29250.00
INV-V-0755,INV-2026-0357,sub-27-3,,svc-sub-27-3,2026-06,2026-06-24,2026-07-24,open,services,services_progress,29250.00
INV-V-0756,INV-2026-0358,sub-27-3,,svc-sub-27-3,2026-07,2026-07-24,2026-08-23,open,services,services_progress,29250.00
INV-V-0757,INV-2026-0359,sub-27-3,,svc-sub-27-3,2026-08,2026-08-24,2026-09-23,open,services,services_progress,29250.00
INV-V-0758,INV-2026-0360,sub-28-1,,svc-sub-28-1,2026-06,2026-06-25,2026-07-25,open,services,services_progress,23750.00
INV-V-0759,INV-2026-0361,sub-28-1,,svc-sub-28-1,2026-07,2026-07-25,2026-08-24,open,services,services_progress,23750.00
INV-V-0760,INV-2026-0362,sub-28-1,,svc-sub-28-1,2026-08,2026-08-25,2026-09-24,open,services,services_progress,23750.00
INV-V-0761,INV-2026-0363,sub-28-1,,svc-sub-28-1,2026-09,2026-09-25,2026-10-25,open,services,services_progress,23750.00
INV-V-0762,INV-2026-0364,sub-28-2,,svc-sub-28-2,2026-06,2026-06-26,2026-07-26,open,services,services_progress,44750.00
INV-V-0763,INV-2026-0365,sub-28-2,,svc-sub-28-2,2026-07,2026-07-26,2026-08-25,open,services,services_progress,44750.00
INV-V-0764,INV-2026-0366,sub-28-2,,svc-sub-28-2,2026-08,2026-08-26,2026-09-25,open,services,services_progress,44750.00
INV-V-0765,INV-2026-0367,sub-28-2,,svc-sub-28-2,2026-09,2026-09-26,2026-10-26,open,services,services_progress,44750.00
INV-V-0766,INV-2026-0368,sub-28-3,,svc-sub-28-3,2026-06,2026-06-27,2026-07-27,open,services,services_progress,6500.00
INV-V-0767,INV-2026-0369,sub-28-3,,svc-sub-28-3,2026-07,2026-07-27,2026-08-26,open,services,services_progress,6500.00
INV-V-0768,INV-2026-0370,sub-29-0,,svc-sub-29-0,2026-07,2026-07-27,2026-08-26,open,services,services_progress,28250.00
INV-V-0769,INV-2026-0371,sub-29-0,,svc-sub-29-0,2026-08,2026-08-27,2026-09-26,open,services,services_progress,28250.00
INV-V-0770,INV-2026-0372,sub-29-0,,svc-sub-29-0,2026-09,2026-09-27,2026-10-27,open,services,services_progress,28250.00
INV-V-0771,INV-2026-0373,sub-29-0,,svc-sub-29-0,2026-10,2026-10-27,2026-11-26,open,services,services_progress,28250.00
INV-V-0772,INV-2026-0374,sub-29-2,,svc-sub-29-2,2026-07,2026-07-23,2026-08-22,open,services,services_progress,25500.00
INV-V-0773,INV-2026-0375,sub-29-2,,svc-sub-29-2,2026-08,2026-08-23,2026-09-22,open,services,services_progress,25500.00
INV-V-0774,INV-2026-0376,sub-29-2,,svc-sub-29-2,2026-09,2026-09-23,2026-10-23,open,services,services_progress,25500.00
INV-V-0775,INV-2026-0377,sub-29-2,,svc-sub-29-2,2026-10,2026-10-23,2026-11-22,open,services,services_progress,25500.00
INV-V-0776,INV-2026-0378,sub-30-1,,svc-sub-30-1,2026-08,2026-08-24,2026-09-23,open,services,services_progress,40750.00
INV-V-0777,INV-2026-0379,sub-30-1,,svc-sub-30-1,2026-09,2026-09-24,2026-10-24,open,services,services_progress,40750.00
INV-V-0778,INV-2026-0380,sub-30-1,,svc-sub-30-1,2026-10,2026-10-24,2026-11-23,open,services,services_progress,40750.00
INV-V-0779,INV-2026-0381,sub-30-1,,svc-sub-30-1,2026-11,2026-11-24,2026-12-24,open,services,services_progress,37213.26
INV-V-0780,INV-2026-0382,sub-30-1,,svc-sub-30-1,2026-12,2026-12-24,2027-01-23,open,services,services_progress,3536.74
INV-V-0781,INV-2026-0383,sub-30-2,,svc-sub-30-2,2026-08,2026-08-25,2026-09-24,open,services,services_progress,8500.00
INV-V-0782,INV-2026-0384,sub-30-2,,svc-sub-30-2,2026-09,2026-09-25,2026-10-25,open,services,services_progress,8500.00
INV-V-0783,INV-2026-0385,sub-30-4,,svc-sub-30-4,2026-08,2026-08-27,2026-09-26,open,services,services_progress,82500.00
INV-V-0784,INV-2026-0386,sub-30-4,,svc-sub-30-4,2026-09,2026-09-27,2026-10-27,open,services,services_progress,82500.00
INV-V-0785,INV-2026-0387,sub-30-4,,svc-sub-30-4,2026-10,2026-10-27,2026-11-26,open,services,services_progress,82500.00
INV-V-0786,INV-2026-0388,sub-30-4,,svc-sub-30-4,2026-11,2026-11-27,2026-12-27,open,services,services_progress,75339.74
INV-V-0787,INV-2026-0389,sub-30-4,,svc-sub-30-4,2026-12,2026-12-27,2027-01-26,open,services,services_progress,67807.52
INV-V-0788,INV-2026-0390,sub-31-0,,svc-sub-31-0,2026-09,2026-09-26,2026-10-26,open,services,services_progress,90666.67
INV-V-0789,INV-2026-0391,sub-31-0,,svc-sub-31-0,2026-10,2026-10-26,2026-11-25,open,services,services_progress,90666.67
INV-V-0790,INV-2026-0392,sub-31-0,,svc-sub-31-0,2026-11,2026-11-26,2026-12-26,open,services,services_progress,82797.61
INV-V-0791,INV-2026-0393,sub-31-0,,svc-sub-31-0,2026-12,2026-12-26,2027-01-25,open,services,services_progress,74519.78
INV-V-0792,INV-2026-0394,sub-31-4,,svc-sub-31-4,2026-09,2026-09-26,2026-10-26,open,services,services_progress,40250.00
INV-V-0793,INV-2026-0395,sub-31-4,,svc-sub-31-4,2026-10,2026-10-26,2026-11-25,open,services,services_progress,40250.00
INV-V-0794,INV-2026-0396,sub-31-4,,svc-sub-31-4,2026-11,2026-11-26,2026-12-26,open,services,services_progress,36756.66
INV-V-0795,INV-2026-0397,sub-31-4,,svc-sub-31-4,2026-12,2026-12-26,2027-01-25,open,services,services_progress,33081.85
INV-V-0796,INV-2026-0398,sub-32-0,,svc-sub-32-0,2026-10,2026-10-25,2026-11-24,open,services,services_progress,7000.00
INV-V-0797,INV-2026-0399,sub-32-0,,svc-sub-32-0,2026-11,2026-11-25,2026-12-25,open,services,services_progress,6392.46
INV-V-0798,INV-2026-0400,sub-32-0,,svc-sub-32-0,2026-12,2026-12-25,2027-01-24,open,services,services_progress,499.34
INV-V-0799,INV-2026-0401,sub-32-1,,svc-sub-32-1,2026-10,2026-10-26,2026-11-25,open,services,services_progress,8000.00
INV-V-0800,INV-2026-0402,sub-32-1,,svc-sub-32-1,2026-11,2026-11-26,2026-12-26,open,services,services_progress,7305.67
INV-V-0801,INV-2026-0403,sub-32-1,,svc-sub-32-1,2026-12,2026-12-26,2027-01-25,open,services,services_progress,570.68
INV-V-0802,INV-2026-0404,sub-32-2,,svc-sub-32-2,2026-10,2026-10-27,2026-11-26,open,services,services_progress,27750.00
INV-V-0803,INV-2026-0405,sub-32-2,,svc-sub-32-2,2026-11,2026-11-27,2026-12-27,open,services,services_progress,25341.55
INV-V-0804,INV-2026-0406,sub-32-2,,svc-sub-32-2,2026-12,2026-12-27,2027-01-26,open,services,services_progress,22807.98
INV-V-0805,INV-2026-0407,sub-33-0,,svc-sub-33-0,2026-11,2026-11-22,2026-12-22,open,services,services_progress,34245.33
INV-V-0806,INV-2026-0408,sub-33-0,,svc-sub-33-0,2026-12,2026-12-22,2027-01-21,open,services,services_progress,30821.60
INV-V-0807,INV-2026-0409,sub-33-1,,svc-sub-33-1,2026-11,2026-11-23,2026-12-23,open,services,services_progress,40866.10
INV-V-0808,INV-2026-0410,sub-33-1,,svc-sub-33-1,2026-12,2026-12-23,2027-01-22,open,services,services_progress,36780.44
INV-V-0809,INV-2026-0411,sub-33-2,,svc-sub-33-2,2026-11,2026-11-24,2026-12-24,open,services,services_progress,36300.05
INV-V-0810,INV-2026-0412,sub-33-2,,svc-sub-33-2,2026-12,2026-12-24,2027-01-23,open,services,services_progress,32670.90
INV-V-0811,INV-2026-0413,sub-33-3,,svc-sub-33-3,2026-11,2026-11-25,2026-12-25,open,services,services_progress,31962.31
INV-V-0812,INV-2026-0414,sub-33-3,,svc-sub-33-3,2026-12,2026-12-25,2027-01-24,open,services,services_progress,28766.83
INV-V-0813,INV-2026-0415,sub-33-4,,svc-sub-33-4,2026-11,2026-11-26,2026-12-26,open,services,services_progress,5479.25
INV-V-0814,INV-2026-0416,sub-33-4,,svc-sub-33-4,2026-12,2026-12-26,2027-01-25,open,services,services_progress,4931.46
INV-V-0815,INV-2026-0417,sub-34-1,,svc-sub-34-1,2026-12,2026-12-26,2027-01-25,open,services,services_progress,7808.14
INV-V-0816,INV-2026-0418,sub-34-2,,svc-sub-34-2,2026-12,2026-12-23,2027-01-22,open,services,services_progress,34725.67
INV-V-0817,INV-2026-0419,sub-34-3,,svc-sub-34-3,2026-12,2026-12-24,2027-01-23,open,services,services_progress,33081.85
INV-V-0818,INV-2026-0420,sub-34-4,,svc-sub-34-4,2026-12,2026-12-25,2027-01-24,open,services,services_progress,8219.09
INV-OB-0819,INV-2023-0001,sub-init-14,,,2023-07,2023-07-08,2023-08-07,paid,subscription,opening_balance,5933.85
INV-OB-0820,INV-2023-0002,sub-init-15,,,2023-08,2023-08-13,2023-09-12,paid,subscription,opening_balance,4320.09
INV-OB-0821,INV-2023-0003,sub-init-11,,,2023-09,2023-09-18,2023-10-18,paid,subscription,opening_balance,127191.62
INV-OB-0822,INV-2023-0004,sub-init-23,,,2023-10,2023-10-23,2023-11-22,paid,subscription,opening_balance,187585.04
INV-OB-0823,INV-2023-0005,sub-0-0,,,2023-11,2023-11-10,2023-12-10,paid,subscription,opening_balance,148741.86
INV-OB-0824,INV-2023-0006,sub-0-1,,,2023-12,2023-12-15,2024-01-14,paid,subscription,opening_balance,46227.54
